/* Automatically generated by gen_font.py */

#pragma once

#include <wynland/types.h>

typedef struct {
    uint8_t width;
    uint8_t height;
    int8_t top;
    int8_t left;
    uint8_t advance;
    uint32_t offset;
} GlyphAA_16;

/* Character count: 159 */
static inline int get_glyph_index_16(uint32_t code) {
    if (code >= 32 && code <= 126) return code - 32;
    if (code >= 1040 && code <= 1103) return (code - 1040) + 95;
    return -1;
}

static const GlyphAA_16 glyphs_16[] = {
    { 4, 0, 18, 0, 4, 0 }, /* 32 ( ) */
    { 5, 11, 7, 0, 5, 0 }, /* 33 (!) */
    { 6, 11, 7, 0, 6, 55 }, /* 34 (") */
    { 10, 11, 7, 0, 9, 121 }, /* 35 (#) */
    { 9, 14, 6, 0, 9, 231 }, /* 36 ($) */
    { 13, 11, 7, 0, 13, 357 }, /* 37 (%) */
    { 13, 11, 7, 0, 13, 500 }, /* 38 (&) */
    { 4, 11, 7, 0, 4, 643 }, /* 39 (') */
    { 5, 14, 7, 0, 5, 687 }, /* 40 (() */
    { 5, 14, 7, 0, 5, 757 }, /* 41 ()) */
    { 7, 11, 7, 0, 7, 827 }, /* 42 (*) */
    { 11, 8, 10, 0, 11, 904 }, /* 43 (+) */
    { 3, 4, 16, 0, 3, 992 }, /* 44 (,) */
    { 6, 5, 13, 0, 6, 1004 }, /* 45 (-) */
    { 3, 2, 16, 0, 3, 1034 }, /* 46 (.) */
    { 8, 13, 7, -1, 6, 1040 }, /* 47 (/) */
    { 9, 11, 7, 0, 9, 1144 }, /* 48 (0) */
    { 9, 11, 7, 0, 9, 1243 }, /* 49 (1) */
    { 9, 11, 7, 0, 9, 1342 }, /* 50 (2) */
    { 9, 11, 7, 0, 9, 1441 }, /* 51 (3) */
    { 9, 11, 7, 0, 9, 1540 }, /* 52 (4) */
    { 9, 11, 7, 0, 9, 1639 }, /* 53 (5) */
    { 9, 11, 7, 0, 9, 1738 }, /* 54 (6) */
    { 9, 11, 7, 0, 9, 1837 }, /* 55 (7) */
    { 9, 11, 7, 0, 9, 1936 }, /* 56 (8) */
    { 9, 11, 7, 0, 9, 2035 }, /* 57 (9) */
    { 3, 8, 10, 0, 3, 2134 }, /* 58 (:) */
    { 3, 10, 10, 0, 3, 2158 }, /* 59 (;) */
    { 11, 8, 10, 0, 11, 2188 }, /* 60 (<) */
    { 11, 7, 11, 0, 11, 2276 }, /* 61 (=) */
    { 11, 8, 10, 0, 11, 2353 }, /* 62 (>) */
    { 7, 11, 7, 0, 7, 2441 }, /* 63 (?) */
    { 15, 12, 7, 0, 15, 2518 }, /* 64 (@) */
    { 11, 11, 7, 0, 10, 2698 }, /* 65 (A) */
    { 9, 11, 7, 0, 9, 2819 }, /* 66 (B) */
    { 10, 11, 7, 0, 10, 2918 }, /* 67 (C) */
    { 11, 11, 7, 0, 11, 3028 }, /* 68 (D) */
    { 8, 11, 7, 0, 8, 3149 }, /* 69 (E) */
    { 8, 11, 7, 0, 8, 3237 }, /* 70 (F) */
    { 11, 11, 7, 0, 11, 3325 }, /* 71 (G) */
    { 11, 11, 7, 0, 11, 3446 }, /* 72 (H) */
    { 4, 11, 7, 0, 4, 3567 }, /* 73 (I) */
    { 6, 11, 7, 0, 6, 3611 }, /* 74 (J) */
    { 10, 11, 7, 0, 9, 3677 }, /* 75 (K) */
    { 8, 11, 7, 0, 8, 3787 }, /* 76 (L) */
    { 14, 11, 7, 0, 14, 3875 }, /* 77 (M) */
    { 12, 11, 7, 0, 12, 4029 }, /* 78 (N) */
    { 12, 11, 7, 0, 12, 4161 }, /* 79 (O) */
    { 9, 11, 7, 0, 9, 4293 }, /* 80 (P) */
    { 13, 12, 7, 0, 12, 4392 }, /* 81 (Q) */
    { 10, 11, 7, 0, 10, 4548 }, /* 82 (R) */
    { 9, 11, 7, 0, 9, 4658 }, /* 83 (S) */
    { 9, 11, 7, 0, 8, 4757 }, /* 84 (T) */
    { 11, 11, 7, 0, 11, 4856 }, /* 85 (U) */
    { 10, 11, 7, 0, 10, 4977 }, /* 86 (V) */
    { 15, 11, 7, 0, 15, 5087 }, /* 87 (W) */
    { 10, 11, 7, 0, 9, 5252 }, /* 88 (X) */
    { 9, 11, 7, 0, 9, 5362 }, /* 89 (Y) */
    { 9, 11, 7, 0, 9, 5461 }, /* 90 (Z) */
    { 5, 14, 7, 0, 5, 5560 }, /* 91 ([) */
    { 8, 13, 7, -1, 6, 5630 }, /* 92 (\) */
    { 5, 14, 7, 0, 5, 5734 }, /* 93 (]) */
    { 11, 11, 7, 0, 11, 5804 }, /* 94 (^) */
    { 7, 2, 18, 0, 7, 5925 }, /* 95 (_) */
    { 4, 13, 5, 0, 4, 5939 }, /* 96 (`) */
    { 8, 8, 10, 0, 8, 5991 }, /* 97 (a) */
    { 9, 12, 6, 0, 9, 6055 }, /* 98 (b) */
    { 7, 8, 10, 0, 7, 6163 }, /* 99 (c) */
    { 9, 12, 6, 0, 9, 6219 }, /* 100 (d) */
    { 8, 8, 10, 0, 8, 6327 }, /* 101 (e) */
    { 6, 12, 6, 0, 5, 6391 }, /* 102 (f) */
    { 9, 12, 10, 0, 9, 6463 }, /* 103 (g) */
    { 9, 12, 6, 0, 9, 6571 }, /* 104 (h) */
    { 4, 12, 6, 0, 4, 6679 }, /* 105 (i) */
    { 6, 16, 6, -2, 4, 6727 }, /* 106 (j) */
    { 8, 12, 6, 0, 8, 6823 }, /* 107 (k) */
    { 4, 12, 6, 0, 4, 6919 }, /* 108 (l) */
    { 14, 8, 10, 0, 14, 6967 }, /* 109 (m) */
    { 9, 8, 10, 0, 9, 7079 }, /* 110 (n) */
    { 9, 8, 10, 0, 9, 7151 }, /* 111 (o) */
    { 9, 12, 10, 0, 9, 7223 }, /* 112 (p) */
    { 9, 12, 10, 0, 9, 7331 }, /* 113 (q) */
    { 6, 8, 10, 0, 6, 7439 }, /* 114 (r) */
    { 7, 8, 10, 0, 7, 7487 }, /* 115 (s) */
    { 6, 10, 8, 0, 5, 7543 }, /* 116 (t) */
    { 9, 8, 10, 0, 9, 7603 }, /* 117 (u) */
    { 8, 8, 10, 0, 8, 7675 }, /* 118 (v) */
    { 12, 8, 10, 0, 12, 7739 }, /* 119 (w) */
    { 8, 8, 10, 0, 7, 7835 }, /* 120 (x) */
    { 8, 12, 10, 0, 8, 7899 }, /* 121 (y) */
    { 7, 8, 10, 0, 7, 7995 }, /* 122 (z) */
    { 5, 14, 7, 0, 5, 8051 }, /* 123 ({) */
    { 4, 16, 6, 0, 4, 8121 }, /* 124 (|) */
    { 5, 14, 7, 0, 5, 8185 }, /* 125 (}) */
    { 11, 6, 12, 0, 11, 8255 }, /* 126 (~) */
    { 11, 11, 7, 0, 10, 8321 }, /* 1040 (RU) */
    { 9, 11, 7, 0, 9, 8442 }, /* 1041 (RU) */
    { 9, 11, 7, 0, 9, 8541 }, /* 1042 (RU) */
    { 8, 11, 7, 0, 8, 8640 }, /* 1043 (RU) */
    { 11, 14, 7, 0, 11, 8728 }, /* 1044 (RU) */
    { 8, 11, 7, 0, 8, 8882 }, /* 1045 (RU) */
    { 16, 11, 7, -1, 14, 8970 }, /* 1046 (RU) */
    { 9, 11, 7, 0, 9, 9146 }, /* 1047 (RU) */
    { 12, 11, 7, 0, 12, 9245 }, /* 1048 (RU) */
    { 12, 14, 4, 0, 12, 9377 }, /* 1049 (RU) */
    { 10, 11, 7, 0, 9, 9545 }, /* 1050 (RU) */
    { 11, 11, 7, 0, 11, 9655 }, /* 1051 (RU) */
    { 14, 11, 7, 0, 14, 9776 }, /* 1052 (RU) */
    { 11, 11, 7, 0, 11, 9930 }, /* 1053 (RU) */
    { 12, 11, 7, 0, 12, 10051 }, /* 1054 (RU) */
    { 11, 11, 7, 0, 11, 10183 }, /* 1055 (RU) */
    { 9, 11, 7, 0, 9, 10304 }, /* 1056 (RU) */
    { 10, 11, 7, 0, 10, 10403 }, /* 1057 (RU) */
    { 9, 11, 7, 0, 8, 10513 }, /* 1058 (RU) */
    { 10, 11, 7, 0, 9, 10612 }, /* 1059 (RU) */
    { 12, 11, 7, 0, 12, 10722 }, /* 1060 (RU) */
    { 10, 11, 7, 0, 9, 10854 }, /* 1061 (RU) */
    { 12, 14, 7, 0, 12, 10964 }, /* 1062 (RU) */
    { 11, 11, 7, 0, 11, 11132 }, /* 1063 (RU) */
    { 15, 11, 7, 0, 15, 11253 }, /* 1064 (RU) */
    { 16, 14, 7, 0, 16, 11418 }, /* 1065 (RU) */
    { 11, 11, 7, 0, 11, 11642 }, /* 1066 (RU) */
    { 13, 11, 7, 0, 13, 11763 }, /* 1067 (RU) */
    { 9, 11, 7, 0, 9, 11906 }, /* 1068 (RU) */
    { 10, 11, 7, 0, 10, 12005 }, /* 1069 (RU) */
    { 16, 11, 7, 0, 16, 12115 }, /* 1070 (RU) */
    { 9, 11, 7, 0, 9, 12291 }, /* 1071 (RU) */
    { 8, 8, 10, 0, 8, 12390 }, /* 1072 (RU) */
    { 9, 12, 6, 0, 9, 12454 }, /* 1073 (RU) */
    { 8, 8, 10, 0, 8, 12562 }, /* 1074 (RU) */
    { 6, 8, 10, 0, 6, 12626 }, /* 1075 (RU) */
    { 9, 10, 10, 0, 9, 12674 }, /* 1076 (RU) */
    { 8, 8, 10, 0, 8, 12764 }, /* 1077 (RU) */
    { 12, 8, 10, 0, 12, 12828 }, /* 1078 (RU) */
    { 7, 8, 10, 0, 7, 12924 }, /* 1079 (RU) */
    { 9, 8, 10, 0, 9, 12980 }, /* 1080 (RU) */
    { 9, 11, 7, 0, 9, 13052 }, /* 1081 (RU) */
    { 8, 8, 10, 0, 8, 13151 }, /* 1082 (RU) */
    { 8, 8, 10, 0, 8, 13215 }, /* 1083 (RU) */
    { 11, 8, 10, 0, 11, 13279 }, /* 1084 (RU) */
    { 9, 8, 10, 0, 9, 13367 }, /* 1085 (RU) */
    { 9, 8, 10, 0, 9, 13439 }, /* 1086 (RU) */
    { 9, 8, 10, 0, 9, 13511 }, /* 1087 (RU) */
    { 9, 12, 10, 0, 9, 13583 }, /* 1088 (RU) */
    { 7, 8, 10, 0, 7, 13691 }, /* 1089 (RU) */
    { 7, 8, 10, 0, 7, 13747 }, /* 1090 (RU) */
    { 8, 12, 10, 0, 8, 13803 }, /* 1091 (RU) */
    { 11, 15, 7, 0, 11, 13899 }, /* 1092 (RU) */
    { 8, 8, 10, 0, 7, 14064 }, /* 1093 (RU) */
    { 10, 10, 10, 0, 10, 14128 }, /* 1094 (RU) */
    { 9, 8, 10, 0, 9, 14228 }, /* 1095 (RU) */
    { 13, 8, 10, 0, 13, 14300 }, /* 1096 (RU) */
    { 13, 10, 10, 0, 13, 14404 }, /* 1097 (RU) */
    { 9, 8, 10, 0, 9, 14534 }, /* 1098 (RU) */
    { 11, 8, 10, 0, 11, 14606 }, /* 1099 (RU) */
    { 8, 8, 10, 0, 8, 14694 }, /* 1100 (RU) */
    { 7, 8, 10, 0, 7, 14758 }, /* 1101 (RU) */
    { 13, 8, 10, 0, 13, 14814 }, /* 1102 (RU) */
    { 8, 8, 10, 0, 8, 14918 }, /* 1103 (RU) */
};

static const uint8_t bitmaps_16[] = {
    0x00, 0x66, 0xEC, 0x00, 0x00, 0x00, 0x60, 0xE7, 0x00, 0x00, 0x00, 0x5B, 0xE1, 0x00, 0x00, 0x00,
    0x56, 0xDB, 0x00, 0x00, 0x00, 0x51, 0xD6, 0x00, 0x00, 0x00, 0x4C, 0xD0, 0x00, 0x00, 0x00, 0x47,
    0xCA, 0x00, 0x00, 0x00, 0x00, 0x00, 0x00, 0x00, 0x00, 0x00, 0x00, 0x00, 0x00, 0x00, 0x5F, 0xE0,
    0x0B, 0x00, 0x00, 0x61, 0xE2, 0x0B, 0x00, 0x00, 0xB8, 0x68, 0x20, 0xFF, 0x00, 0x00, 0xB8, 0x68,
    0x20, 0xFF, 0x00, 0x00, 0xB8, 0x68, 0x20, 0xFF, 0x00, 0x00, 0xB8, 0x68, 0x20, 0xFF, 0x00, 0x00,
    0x00, 0x00, 0x00, 0x00, 0x00, 0x00, 0x00, 0x00, 0x00, 0x00, 0x00, 0x00, 0x00, 0x00, 0x00, 0x00,
    0x00, 0x00, 0x00, 0x00, 0x00, 0x00, 0x00, 0x00, 0x00, 0x00, 0x00, 0x00, 0x00, 0x00, 0x00, 0x00,
    0x00, 0x00, 0x00, 0x00, 0x00, 0x00, 0x00, 0x00, 0x00, 0x00, 0x00, 0x00, 0x55, 0xA7, 0x00, 0x5D,
    0x9B, 0x00, 0x00, 0x00, 0x00, 0x00, 0x8D, 0x6F, 0x00, 0x96, 0x63, 0x00, 0x00, 0x00, 0x00, 0x00,
    0xC4, 0x37, 0x00, 0xCF, 0x2B, 0x00, 0x00, 0x19, 0xD4, 0xD6, 0xFD, 0xD4, 0xD8, 0xFA, 0xD4, 0xD1,
    0x07, 0x00, 0x00, 0x2C, 0xCD, 0x00, 0x39, 0xBF, 0x00, 0x00, 0x00, 0x00, 0x00, 0x61, 0x95, 0x00,
    0x70, 0x8B, 0x00, 0x00, 0x00, 0x8B, 0xD4, 0xE9, 0xE8, 0xD4, 0xEC, 0xE6, 0xD4, 0x68, 0x00, 0x00,
    0x00, 0xCD, 0x2B, 0x00, 0xE1, 0x1E, 0x00, 0x00, 0x00, 0x00, 0x09, 0xEC, 0x02, 0x1A, 0xE3, 0x00,
    0x00, 0x00, 0x00, 0x00, 0x3C, 0xBB, 0x00, 0x53, 0xA9, 0x00, 0x00, 0x00, 0x00, 0x00, 0x00, 0x00,
    0x00, 0x00, 0x00, 0x00, 0x00, 0x00, 0x00, 0x00, 0x00, 0x00, 0x00, 0xD0, 0x00, 0x00, 0x00, 0x00,
    0x00, 0x00, 0x57, 0xD1, 0xFF, 0xEB, 0xA7, 0x00, 0x00, 0x00, 0x4B, 0xF5, 0x59, 0xD5, 0x3E, 0xA1,
    0x00, 0x00, 0x00, 0xA8, 0xA2, 0x00, 0xD0, 0x00, 0x00, 0x00, 0x00, 0x00, 0xA4, 0xC1, 0x00, 0xD0,
    0x00, 0x00, 0x00, 0x00, 0x00, 0x39, 0xF9, 0xAA, 0xD0, 0x00, 0x00, 0x00, 0x00, 0x00, 0x00, 0x30,
    0xC3, 0xF9, 0x8D, 0x0E, 0x00, 0x00, 0x00, 0x00, 0x00, 0x00, 0xE7, 0xD6, 0xD9, 0x12, 0x00, 0x00,
    0x00, 0x00, 0x00, 0xD0, 0x0F, 0xE4, 0x7F, 0x00, 0x00, 0x00, 0x00, 0x00, 0xD0, 0x00, 0xBB, 0x92,
    0x00, 0x00, 0x8A, 0x62, 0x2D, 0xD8, 0x6E, 0xFA, 0x3B, 0x00, 0x00, 0x57, 0xCC, 0xF2, 0xFB, 0xBE,
    0x44, 0x00, 0x00, 0x00, 0x00, 0x00, 0x00, 0xD0, 0x00, 0x00, 0x00, 0x00, 0x00, 0x00, 0x00, 0x00,
    0xD0, 0x00, 0x00, 0x00, 0x00, 0x00, 0x46, 0xD2, 0xDF, 0xAE, 0x10, 0x00, 0x00, 0x02, 0xC8, 0x53,
    0x00, 0x00, 0x13, 0xE9, 0x29, 0x01, 0xA1, 0x8A, 0x00, 0x00, 0x72, 0xAD, 0x00, 0x00, 0x00, 0x4B,
    0xBC, 0x00, 0x00, 0x41, 0xC4, 0x00, 0x23, 0xE3, 0x17, 0x00, 0x00, 0x00, 0x50, 0xBA, 0x00, 0x00,
    0x45, 0xBE, 0x01, 0xBF, 0x5E, 0x00, 0x00, 0x00, 0x00, 0x1A, 0xEE, 0x28, 0x02, 0xA8, 0x76, 0x67,
    0xB6, 0x00, 0x00, 0x00, 0x00, 0x00, 0x00, 0x56, 0xDC, 0xDE, 0x97, 0x23, 0xE3, 0x1E, 0x7F, 0xDF,
    0xE1, 0x72, 0x00, 0x00, 0x00, 0x00, 0x00, 0x00, 0xB4, 0x68, 0x54, 0xC9, 0x0B, 0x16, 0xE3, 0x34,
    0x00, 0x00, 0x00, 0x00, 0x5C, 0xBF, 0x01, 0x9E, 0x69, 0x00, 0x00, 0x96, 0x70, 0x00, 0x00, 0x00,
    0x16, 0xE2, 0x23, 0x00, 0xA5, 0x66, 0x00, 0x00, 0x98, 0x6B, 0x00, 0x00, 0x00, 0xAA, 0x72, 0x00,
    0x00, 0x66, 0xC2, 0x08, 0x18, 0xE3, 0x27, 0x00, 0x00, 0x50, 0xC8, 0x02, 0x00, 0x00, 0x04, 0x95,
    0xE2, 0xD8, 0x5A, 0x00, 0x00, 0x00, 0x08, 0x95, 0xE9, 0xF2, 0xB3, 0x1C, 0x00, 0x00, 0x00, 0x00,
    0x00, 0x00, 0x00, 0x86, 0xD4, 0x2A, 0x1B, 0xB7, 0xB1, 0x00, 0x00, 0x00, 0x00, 0x00, 0x00, 0x00,
    0xB9, 0x7F, 0x00, 0x00, 0x5E, 0xD6, 0x00, 0x00, 0xEC, 0x4D, 0x00, 0x00, 0x00, 0x7D, 0xD1, 0x0E,
    0x21, 0xCF, 0x77, 0x00, 0x00, 0xE3, 0x4B, 0x00, 0x00, 0x00, 0x05, 0xCF, 0xEC, 0xF4, 0x5D, 0x00,
    0x00, 0x05, 0xF8, 0x2B, 0x00, 0x00, 0x11, 0xBD, 0xC5, 0x65, 0xC0, 0xDD, 0x32, 0x00, 0x3A, 0xEA,
    0x01, 0x00, 0x00, 0xAC, 0xB1, 0x02, 0x00, 0x00, 0x7A, 0xEF, 0x2B, 0x9D, 0x8D, 0x00, 0x00, 0x04,
    0xF9, 0x4D, 0x00, 0x00, 0x00, 0x00, 0x8F, 0xDF, 0xF1, 0x1C, 0x00, 0x00, 0x04, 0xFA, 0x63, 0x00,
    0x00, 0x00, 0x00, 0x20, 0xFA, 0xB4, 0x00, 0x00, 0x00, 0x00, 0x93, 0xEC, 0x5E, 0x25, 0x30, 0x74,
    0xEB, 0xA0, 0xF4, 0x8F, 0x38, 0x28, 0x00, 0x05, 0x75, 0xD5, 0xF6, 0xEB, 0xB4, 0x47, 0x00, 0x3F,
    0xD7, 0xF9, 0x69, 0x00, 0xB8, 0x68, 0x00, 0x00, 0xB8, 0x68, 0x00, 0x00, 0xB8, 0x68, 0x00, 0x00,
    0xB8, 0x68, 0x00, 0x00, 0x00, 0x00, 0x00, 0x00, 0x00, 0x00, 0x00, 0x00, 0x00, 0x00, 0x00, 0x00,
    0x00, 0x00, 0x00, 0x00, 0x00, 0x00, 0x00, 0x00, 0x00, 0x00, 0x00, 0x00, 0x00, 0x00, 0x00, 0x00,
    0x00, 0x05, 0xCF, 0x54, 0x00, 0x00, 0x7F, 0xAB, 0x00, 0x00, 0x0B, 0xEE, 0x2E, 0x00, 0x00, 0x5D,
    0xC7, 0x00, 0x00, 0x00, 0x9F, 0x85, 0x00, 0x00, 0x00, 0xCA, 0x56, 0x00, 0x00, 0x00, 0xDD, 0x42,
    0x00, 0x00, 0x00, 0xE0, 0x41, 0x00, 0x00, 0x00, 0xCD, 0x55, 0x00, 0x00, 0x00, 0xA4, 0x80, 0x00,
    0x00, 0x00, 0x63, 0xC2, 0x00, 0x00, 0x00, 0x0F, 0xF1, 0x29, 0x00, 0x00, 0x00, 0x85, 0xA5, 0x00,
    0x00, 0x00, 0x07, 0xD0, 0x4F, 0x7D, 0xAC, 0x00, 0x00, 0x00, 0x04, 0xD0, 0x58, 0x00, 0x00, 0x00,
    0x57, 0xD3, 0x00, 0x00, 0x00, 0x03, 0xEC, 0x38, 0x00, 0x00, 0x00, 0xAF, 0x79, 0x00, 0x00, 0x00,
    0x80, 0xA5, 0x00, 0x00, 0x00, 0x6B, 0xB8, 0x00, 0x00, 0x00, 0x69, 0xBB, 0x00, 0x00, 0x00, 0x7D,
    0xA7, 0x00, 0x00, 0x00, 0xA9, 0x7F, 0x00, 0x00, 0x02, 0xE9, 0x3E, 0x00, 0x00, 0x50, 0xD9, 0x02,
    0x00, 0x02, 0xCA, 0x5E, 0x00, 0x00, 0x78, 0xAF, 0x00, 0x00, 0x00, 0x00, 0x00, 0x23, 0xD7, 0x00,
    0x00, 0x00, 0x3A, 0xCA, 0x70, 0xD2, 0x84, 0xCD, 0x03, 0x02, 0x2D, 0xA4, 0xFE, 0x6B, 0x1D, 0x00,
    0x00, 0x21, 0xDD, 0x61, 0xC0, 0x03, 0x00, 0x00, 0x6A, 0x67, 0x00, 0xA3, 0x2D, 0x00, 0x00, 0x00,
    0x00, 0x00, 0x00, 0x00, 0x00, 0x00, 0x00, 0x00, 0x00, 0x00, 0x00, 0x00, 0x00, 0x00, 0x00, 0x00,
    0x00, 0x00, 0x00, 0x00, 0x00, 0x00, 0x00, 0x00, 0x00, 0x00, 0x00, 0x00, 0x00, 0x00, 0x00, 0x00,
    0x00, 0x00, 0x00, 0x00, 0x00, 0x00, 0x00, 0x00, 0x00, 0x00, 0x00, 0x00, 0x08, 0xFF, 0x00, 0x00,
    0x00, 0x00, 0x00, 0x00, 0x00, 0x00, 0x00, 0x08, 0xFF, 0x00, 0x00, 0x00, 0x00, 0x00, 0x00, 0x00,
    0x00, 0x00, 0x08, 0xFF, 0x00, 0x00, 0x00, 0x00, 0x00, 0x00, 0x30, 0xFF, 0xFF, 0xFF, 0xFF, 0xFF,
    0xFF, 0xFF, 0x28, 0x00, 0x00, 0x02, 0x0C, 0x0C, 0x13, 0xFF, 0x0C, 0x0C, 0x0C, 0x01, 0x00, 0x00,
    0x00, 0x00, 0x00, 0x08, 0xFF, 0x00, 0x00, 0x00, 0x00, 0x00, 0x00, 0x00, 0x00, 0x00, 0x08, 0xFF,
    0x00, 0x00, 0x00, 0x00, 0x00, 0x00, 0x00, 0x00, 0x00, 0x00, 0x0C, 0x00, 0x00, 0x00, 0x00, 0x00,
    0x00, 0xE5, 0x4F, 0x20, 0xF5, 0x09, 0x5A, 0xAF, 0x00, 0x93, 0x5F, 0x00, 0x00, 0xE0, 0xFF, 0xFF,
    0xFF, 0x64, 0x00, 0x03, 0x04, 0x04, 0x04, 0x01, 0x00, 0x00, 0x00, 0x00, 0x00, 0x00, 0x00, 0x00,
    0x00, 0x00, 0x00, 0x00, 0x00, 0x00, 0x00, 0x00, 0x00, 0x00, 0x05, 0xDE, 0x6C, 0x05, 0xDE, 0x6C,
    0x00, 0x00, 0x00, 0x00, 0x00, 0x16, 0xF9, 0x27, 0x00, 0x00, 0x00, 0x00, 0x00, 0x7B, 0xBD, 0x00,
    0x00, 0x00, 0x00, 0x00, 0x02, 0xE1, 0x53, 0x00, 0x00, 0x00, 0x00, 0x00, 0x4E, 0xE4, 0x04, 0x00,
    0x00, 0x00, 0x00, 0x00, 0xB7, 0x7F, 0x00, 0x00, 0x00, 0x00, 0x00, 0x22, 0xF9, 0x1A, 0x00, 0x00,
    0x00, 0x00, 0x00, 0x8A, 0xAB, 0x00, 0x00, 0x00, 0x00, 0x00, 0x07, 0xEB, 0x42, 0x00, 0x00, 0x00,
    0x00, 0x00, 0x5D, 0xD7, 0x00, 0x00, 0x00, 0x00, 0x00, 0x00, 0xC7, 0x6E, 0x00, 0x00, 0x00, 0x00,
    0x00, 0x30, 0xF4, 0x0F, 0x00, 0x00, 0x00, 0x00, 0x00, 0x9A, 0x9A, 0x00, 0x00, 0x00, 0x00, 0x00,
    0x0E, 0xF4, 0x30, 0x00, 0x00, 0x00, 0x00, 0x00, 0x00, 0x00, 0x62, 0xD9, 0xF8, 0xD2, 0x48, 0x00,
    0x00, 0x00, 0x57, 0xF3, 0x56, 0x21, 0x87, 0xF8, 0x29, 0x00, 0x00, 0xD6, 0x7C, 0x00, 0x00, 0x00,
    0xCE, 0x93, 0x00, 0x1D, 0xFF, 0x2D, 0x00, 0x00, 0x00, 0x86, 0xCF, 0x00, 0x43, 0xFF, 0x09, 0x00,
    0x00, 0x00, 0x65, 0xEC, 0x00, 0x50, 0xFE, 0x00, 0x00, 0x00, 0x00, 0x5A, 0xF4, 0x00, 0x4A, 0xFF,
    0x05, 0x00, 0x00, 0x00, 0x63, 0xE9, 0x00, 0x2C, 0xFF, 0x24, 0x00, 0x00, 0x00, 0x82, 0xC4, 0x00,
    0x02, 0xE9, 0x6E, 0x00, 0x00, 0x00, 0xCB, 0x7D, 0x00, 0x00, 0x73, 0xEE, 0x4E, 0x20, 0x87, 0xE8,
    0x13, 0x00, 0x00, 0x01, 0x7D, 0xE6, 0xF7, 0xBD, 0x2A, 0x00, 0x00, 0x00, 0x00, 0x00, 0x0C, 0x89,
    0xA5, 0x00, 0x00, 0x00, 0x00, 0x12, 0x8A, 0xEC, 0xEE, 0xA8, 0x00, 0x00, 0x00, 0x00, 0x36, 0xC0,
    0x44, 0xA0, 0xA8, 0x00, 0x00, 0x00, 0x00, 0x00, 0x00, 0x00, 0xA0, 0xA8, 0x00, 0x00, 0x00, 0x00,
    0x00, 0x00, 0x00, 0xA0, 0xA8, 0x00, 0x00, 0x00, 0x00, 0x00, 0x00, 0x00, 0xA0, 0xA8, 0x00, 0x00,
    0x00, 0x00, 0x00, 0x00, 0x00, 0xA0, 0xA8, 0x00, 0x00, 0x00, 0x00, 0x00, 0x00, 0x00, 0xA0, 0xA8,
    0x00, 0x00, 0x00, 0x00, 0x00, 0x00, 0x00, 0xA0, 0xA8, 0x00, 0x00, 0x00, 0x00, 0x00, 0x00, 0x00,
    0xA0, 0xA8, 0x00, 0x00, 0x00, 0x00, 0x00, 0x00, 0x00, 0xA0, 0xA8, 0x00, 0x00, 0x00, 0x00, 0x37,
    0xBA, 0xF3, 0xF0, 0xB6, 0x2A, 0x00, 0x00, 0x00, 0x8D, 0x64, 0x26, 0x2F, 0xB0, 0xE3, 0x0C, 0x00,
    0x00, 0x00, 0x00, 0x00, 0x00, 0x12, 0xFF, 0x42, 0x00, 0x00, 0x00, 0x00, 0x00, 0x00, 0x0A, 0xFF,
    0x43, 0x00, 0x00, 0x00, 0x00, 0x00, 0x00, 0x65, 0xED, 0x0C, 0x00, 0x00, 0x00, 0x00, 0x00, 0x49,
    0xF3, 0x51, 0x00, 0x00, 0x00, 0x00, 0x03, 0x83, 0xE8, 0x45, 0x00, 0x00, 0x00, 0x00, 0x07, 0xB4,
    0xBD, 0x18, 0x00, 0x00, 0x00, 0x00, 0x00, 0x98, 0xB3, 0x04, 0x00, 0x00, 0x00, 0x00, 0x00, 0x06,
    0xFB, 0x5F, 0x28, 0x28, 0x28, 0x28, 0x1E, 0x00, 0x20, 0xFF, 0xFF, 0xFF, 0xFF, 0xFF, 0xFF, 0xC4,
    0x00, 0x00, 0x45, 0xC4, 0xF1, 0xE8, 0xA0, 0x15, 0x00, 0x00, 0x00, 0x7E, 0x5D, 0x24, 0x3F, 0xD5,
    0xB5, 0x00, 0x00, 0x00, 0x00, 0x00, 0x00, 0x00, 0x58, 0xFA, 0x03, 0x00, 0x00, 0x00, 0x00, 0x00,
    0x00, 0x60, 0xE7, 0x00, 0x00, 0x00, 0x00, 0x00, 0x0D, 0x45, 0xDF, 0x60, 0x00, 0x00, 0x00, 0x00,
    0xEC, 0xFF, 0xFB, 0x83, 0x06, 0x00, 0x00, 0x00, 0x00, 0x16, 0x23, 0x47, 0xBC, 0xCD, 0x0A, 0x00,
    0x00, 0x00, 0x00, 0x00, 0x00, 0x07, 0xF5, 0x5B, 0x00, 0x00, 0x00, 0x00, 0x00, 0x00, 0x07, 0xF4,
    0x5F, 0x00, 0x07, 0xB3, 0x46, 0x21, 0x3A, 0xB4, 0xD8, 0x0E, 0x00, 0x03, 0x9C, 0xE4, 0xF8, 0xDD,
    0x95, 0x19, 0x00, 0x00, 0x00, 0x00, 0x00, 0x00, 0x12, 0xEE, 0xA4, 0x00, 0x00, 0x00, 0x00, 0x00,
    0x00, 0x91, 0xFD, 0xA4, 0x00, 0x00, 0x00, 0x00, 0x00, 0x3B, 0xDF, 0xAD, 0xA4, 0x00, 0x00, 0x00,
    0x00, 0x0E, 0xDC, 0x4A, 0xA0, 0xA4, 0x00, 0x00, 0x00, 0x01, 0xB1, 0x92, 0x00, 0xA0, 0xA4, 0x00,
    0x00, 0x00, 0x82, 0xC6, 0x06, 0x00, 0xA0, 0xA4, 0x00, 0x00, 0x64, 0xE2, 0x18, 0x00, 0x00, 0xA0,
    0xA4, 0x00, 0x00, 0xE3, 0xFF, 0xFF, 0xFF, 0xFF, 0xFF, 0xFF, 0xFF, 0x14, 0x27, 0x2C, 0x2C, 0x2C,
    0x2C, 0xB0, 0xB3, 0x2C, 0x03, 0x00, 0x00, 0x00, 0x00, 0x00, 0xA0, 0xA4, 0x00, 0x00, 0x00, 0x00,
    0x00, 0x00, 0x00, 0xA0, 0xA4, 0x00, 0x00, 0x00, 0x26, 0xFF, 0xFF, 0xFF, 0xFF, 0xFF, 0x10, 0x00,
    0x00, 0x39, 0xF8, 0x28, 0x28, 0x28, 0x28, 0x02, 0x00, 0x00, 0x4C, 0xE3, 0x00, 0x00, 0x00, 0x00,
    0x00, 0x00, 0x00, 0x5F, 0xCE, 0x00, 0x00, 0x00, 0x00, 0x00, 0x00, 0x00, 0x72, 0xFE, 0xFC, 0xE5,
    0xAB, 0x26, 0x00, 0x00, 0x00, 0x19, 0x28, 0x26, 0x4A, 0xC5, 0xE8, 0x16, 0x00, 0x00, 0x00, 0x00,
    0x00, 0x00, 0x0D, 0xED, 0x6B, 0x00, 0x00, 0x00, 0x00, 0x00, 0x00, 0x00, 0xC8, 0x8B, 0x00, 0x00,
    0x00, 0x00, 0x00, 0x00, 0x10, 0xF1, 0x66, 0x00, 0x00, 0x90, 0x58, 0x24, 0x3F, 0xC3, 0xD2, 0x07,
    0x00, 0x00, 0x73, 0xE3, 0xF8, 0xDD, 0x95, 0x13, 0x00, 0x00, 0x00, 0x00, 0x06, 0x7D, 0xDE, 0xF8,
    0xDA, 0x30, 0x00, 0x00, 0x01, 0xB2, 0xCE, 0x46, 0x24, 0x6F, 0x43, 0x00, 0x00, 0x5B, 0xEB, 0x0F,
    0x00, 0x00, 0x00, 0x00, 0x00, 0x00, 0xC1, 0x80, 0x00, 0x00, 0x00, 0x00, 0x00, 0x00, 0x03, 0xF7,
    0x71, 0xBC, 0xF6, 0xDD, 0x7A, 0x03, 0x00, 0x16, 0xFF, 0xE5, 0x60, 0x24, 0x5E, 0xF4, 0x72, 0x00,
    0x15, 0xFF, 0x77, 0x00, 0x00, 0x00, 0x8A, 0xD5, 0x00, 0x00, 0xF7, 0x54, 0x00, 0x00, 0x00, 0x5E,
    0xF4, 0x00, 0x00, 0xC5, 0x91, 0x00, 0x00, 0x00, 0x8B, 0xCE, 0x00, 0x00, 0x4B, 0xF9, 0x6D, 0x25,
    0x62, 0xF6, 0x4A, 0x00, 0x00, 0x00, 0x5A, 0xD9, 0xFA, 0xD5, 0x4E, 0x00, 0x00, 0x3C, 0xFF, 0xFF,
    0xFF, 0xFF, 0xFF, 0xFF, 0xDF, 0x00, 0x09, 0x28, 0x28, 0x28, 0x28, 0x29, 0xDD, 0x76, 0x00, 0x00,
    0x00, 0x00, 0x00, 0x00, 0x5A, 0xE3, 0x08, 0x00, 0x00, 0x00, 0x00, 0x00, 0x04, 0xDC, 0x67, 0x00,
    0x00, 0x00, 0x00, 0x00, 0x00, 0x5D, 0xE6, 0x07, 0x00, 0x00, 0x00, 0x00, 0x00, 0x00, 0xD1, 0x7B,
    0x00, 0x00, 0x00, 0x00, 0x00, 0x00, 0x3B, 0xFA, 0x18, 0x00, 0x00, 0x00, 0x00, 0x00, 0x00, 0x9B,
    0xB5, 0x00, 0x00, 0x00, 0x00, 0x00, 0x00, 0x03, 0xEA, 0x64, 0x00, 0x00, 0x00, 0x00, 0x00, 0x00,
    0x35, 0xFF, 0x22, 0x00, 0x00, 0x00, 0x00, 0x00, 0x00, 0x6C, 0xF0, 0x00, 0x00, 0x00, 0x00, 0x00,
    0x00, 0x00, 0x67, 0xD9, 0xF2, 0xBF, 0x35, 0x00, 0x00, 0x00, 0x5D, 0xF6, 0x57, 0x23, 0x90, 0xEF,
    0x1A, 0x00, 0x00, 0xB9, 0x9A, 0x00, 0x00, 0x02, 0xE7, 0x64, 0x00, 0x00, 0xB9, 0x97, 0x00, 0x00,
    0x01, 0xE4, 0x64, 0x00, 0x00, 0x49, 0xF1, 0x44, 0x0E, 0x83, 0xE1, 0x0F, 0x00, 0x00, 0x03, 0xA0,
    0xFF, 0xFF, 0xFE, 0x54, 0x00, 0x00, 0x00, 0xA4, 0xCC, 0x38, 0x17, 0x59, 0xF0, 0x52, 0x00, 0x2D,
    0xFF, 0x34, 0x00, 0x00, 0x00, 0x82, 0xD8, 0x00, 0x3E, 0xFF, 0x37, 0x00, 0x00, 0x00, 0x87, 0xE9,
    0x00, 0x06, 0xCF, 0xD3, 0x4A, 0x2E, 0x6C, 0xF7, 0x81, 0x00, 0x00, 0x17, 0x99, 0xE2, 0xF6, 0xD5,
    0x70, 0x02, 0x00, 0x00, 0x04, 0x79, 0xE3, 0xF8, 0xC8, 0x37, 0x00, 0x00, 0x00, 0x91, 0xDD, 0x45,
    0x2A, 0x9A, 0xF1, 0x1A, 0x00, 0x19, 0xFD, 0x46, 0x00, 0x00, 0x01, 0xD4, 0x80, 0x00, 0x3C, 0xFF,
    0x16, 0x00, 0x00, 0x00, 0x97, 0xBB, 0x00, 0x1E, 0xFF, 0x45, 0x00, 0x00, 0x00, 0xB5, 0xD2, 0x00,
    0x00, 0xB5, 0xDE, 0x4F, 0x31, 0x88, 0xF1, 0xCE, 0x00, 0x00, 0x10, 0x9D, 0xE9, 0xF2, 0x9F, 0x99,
    0xB5, 0x00, 0x00, 0x00, 0x00, 0x00, 0x00, 0x00, 0xBB, 0x7F, 0x00, 0x00, 0x00, 0x00, 0x00, 0x00,
    0x30, 0xFB, 0x25, 0x00, 0x00, 0x80, 0x4C, 0x20, 0x56, 0xEB, 0x82, 0x00, 0x00, 0x00, 0x6C, 0xE6,
    0xF8, 0xD3, 0x66, 0x00, 0x00, 0x00, 0x05, 0xDE, 0x6C, 0x05, 0xDE, 0x6B, 0x00, 0x00, 0x00, 0x00,
    0x00, 0x00, 0x00, 0x00, 0x00, 0x00, 0x00, 0x00, 0x05, 0xDE, 0x6C, 0x05, 0xDE, 0x6C, 0x04, 0xDB,
    0x70, 0x04, 0xDB, 0x6F, 0x00, 0x00, 0x00, 0x00, 0x00, 0x00, 0x00, 0x00, 0x00, 0x00, 0x00, 0x00,
    0x00, 0xE5, 0x4F, 0x20, 0xF5, 0x09, 0x5A, 0xAF, 0x00, 0x93, 0x5F, 0x00, 0x00, 0x00, 0x00, 0x00,
    0x00, 0x00, 0x00, 0x4E, 0xA8, 0x00, 0x00, 0x00, 0x00, 0x00, 0x00, 0x00, 0x45, 0xC9, 0xC3, 0x3F,
    0x00, 0x00, 0x00, 0x00, 0x00, 0x3D, 0xC1, 0xC8, 0x47, 0x00, 0x00, 0x00, 0x00, 0x00, 0x00, 0xA6,
    0xFA, 0x5E, 0x00, 0x00, 0x00, 0x00, 0x00, 0x00, 0x00, 0x00, 0x18, 0x87, 0xE4, 0x93, 0x23, 0x00,
    0x00, 0x00, 0x00, 0x00, 0x00, 0x00, 0x00, 0x0D, 0x74, 0xE2, 0xAD, 0x39, 0x00, 0x00, 0x00, 0x00,
    0x00, 0x00, 0x00, 0x00, 0x06, 0x61, 0xAE, 0x00, 0x00, 0x00, 0x00, 0x00, 0x00, 0x00, 0x00, 0x00,
    0x00, 0x00, 0x00, 0x00, 0x00, 0x30, 0xFF, 0xFF, 0xFF, 0xFF, 0xFF, 0xFF, 0xFF, 0x28, 0x00, 0x00,
    0x01, 0x08, 0x08, 0x08, 0x08, 0x08, 0x08, 0x08, 0x01, 0x00, 0x00, 0x00, 0x00, 0x00, 0x00, 0x00,
    0x00, 0x00, 0x00, 0x00, 0x00, 0x00, 0x30, 0xFF, 0xFF, 0xFF, 0xFF, 0xFF, 0xFF, 0xFF, 0x28, 0x00,
    0x00, 0x01, 0x08, 0x08, 0x08, 0x08, 0x08, 0x08, 0x08, 0x01, 0x00, 0x00, 0x00, 0x00, 0x00, 0x00,
    0x00, 0x00, 0x00, 0x00, 0x00, 0x00, 0x00, 0x00, 0x00, 0x00, 0x00, 0x00, 0x00, 0x00, 0x00, 0x00,
    0x00, 0x00, 0x00, 0xAD, 0x4A, 0x00, 0x00, 0x00, 0x00, 0x00, 0x00, 0x00, 0x00, 0x00, 0x43, 0xC7,
    0xC5, 0x41, 0x00, 0x00, 0x00, 0x00, 0x00, 0x00, 0x00, 0x00, 0x00, 0x4A, 0xCB, 0xBD, 0x39, 0x00,
    0x00, 0x00, 0x00, 0x00, 0x00, 0x00, 0x00, 0x00, 0x60, 0xFA, 0x9E, 0x00, 0x00, 0x00, 0x00, 0x00,
    0x00, 0x24, 0x93, 0xE2, 0x83, 0x15, 0x00, 0x00, 0x00, 0x00, 0x3C, 0xB0, 0xDF, 0x70, 0x0B, 0x00,
    0x00, 0x00, 0x00, 0x00, 0x00, 0xB2, 0x5D, 0x04, 0x00, 0x00, 0x00, 0x00, 0x00, 0x00, 0x00, 0x00,
    0x00, 0x00, 0x00, 0x00, 0x00, 0x00, 0x00, 0x00, 0x00, 0x00, 0x77, 0xD7, 0xF6, 0xDA, 0x6C, 0x00,
    0x00, 0xB8, 0x43, 0x21, 0x6D, 0xFF, 0x3A, 0x00, 0x01, 0x00, 0x00, 0x02, 0xF2, 0x4A, 0x00, 0x00,
    0x00, 0x00, 0x83, 0xBF, 0x04, 0x00, 0x00, 0x02, 0x9F, 0xAE, 0x09, 0x00, 0x00, 0x00, 0x64, 0xD0,
    0x04, 0x00, 0x00, 0x00, 0x00, 0x7F, 0xB7, 0x00, 0x00, 0x00, 0x00, 0x00, 0x00, 0x00, 0x00, 0x00,
    0x00, 0x00, 0x00, 0x00, 0x00, 0x00, 0x00, 0x00, 0x00, 0x00, 0x59, 0xE6, 0x0C, 0x00, 0x00, 0x00,
    0x00, 0x59, 0xE6, 0x0C, 0x00, 0x00, 0x00, 0x00, 0x00, 0x00, 0x2F, 0x9E, 0xDB, 0xE3, 0xE4, 0xD0,
    0x86, 0x19, 0x00, 0x00, 0x00, 0x00, 0x00, 0x00, 0x7C, 0xDD, 0x5C, 0x0D, 0x00, 0x00, 0x1A, 0x74,
    0xE2, 0x4B, 0x00, 0x00, 0x00, 0x00, 0x71, 0xCE, 0x12, 0x00, 0x00, 0x00, 0x00, 0x00, 0x00, 0x2B,
    0xEA, 0x2F, 0x00, 0x00, 0x18, 0xEF, 0x23, 0x00, 0x27, 0xBA, 0xE5, 0xC5, 0xC2, 0x52, 0x00, 0x78,
    0xAB, 0x00, 0x00, 0x6B, 0xAE, 0x00, 0x0E, 0xE6, 0x5F, 0x01, 0x28, 0xFC, 0x38, 0x00, 0x2F, 0xE6,
    0x00, 0x00, 0x98, 0x7A, 0x00, 0x64, 0xB8, 0x00, 0x00, 0x00, 0xEE, 0x1E, 0x00, 0x26, 0xE9, 0x00,
    0x00, 0xA0, 0x73, 0x00, 0x85, 0x91, 0x00, 0x00, 0x1A, 0xFF, 0x07, 0x00, 0x55, 0xBF, 0x00, 0x00,
    0x83, 0x98, 0x00, 0x5B, 0xD5, 0x11, 0x0C, 0x9E, 0xEB, 0x2B, 0x17, 0xD4, 0x48, 0x00, 0x00, 0x36,
    0xEA, 0x0C, 0x02, 0x96, 0xEC, 0xDD, 0x50, 0x75, 0xED, 0xE1, 0x67, 0x00, 0x00, 0x00, 0x00, 0xAC,
    0xA8, 0x04, 0x00, 0x00, 0x00, 0x00, 0x00, 0x00, 0x00, 0x00, 0x00, 0x00, 0x00, 0x00, 0x0B, 0xB6,
    0xC7, 0x4A, 0x09, 0x00, 0x05, 0x2F, 0xA2, 0x0A, 0x00, 0x00, 0x00, 0x00, 0x00, 0x00, 0x01, 0x53,
    0xB3, 0xE5, 0xE8, 0xE8, 0xCB, 0x7A, 0x03, 0x00, 0x00, 0x00, 0x00, 0x00, 0x00, 0x00, 0xBB, 0xF6,
    0x0F, 0x00, 0x00, 0x00, 0x00, 0x00, 0x00, 0x00, 0x20, 0xF5, 0xC6, 0x6A, 0x00, 0x00, 0x00, 0x00,
    0x00, 0x00, 0x00, 0x83, 0xB0, 0x71, 0xCE, 0x00, 0x00, 0x00, 0x00, 0x00, 0x00, 0x02, 0xE3, 0x5B,
    0x1C, 0xFE, 0x33, 0x00, 0x00, 0x00, 0x00, 0x00, 0x4B, 0xF8, 0x0D, 0x00, 0xC4, 0x97, 0x00, 0x00,
    0x00, 0x00, 0x00, 0xAF, 0xB0, 0x00, 0x00, 0x6E, 0xF1, 0x0A, 0x00, 0x00, 0x00, 0x17, 0xFB, 0x5A,
    0x00, 0x00, 0x19, 0xFD, 0x60, 0x00, 0x00, 0x00, 0x77, 0xFF, 0xFF, 0xFF, 0xFF, 0xFF, 0xFF, 0xC4,
    0x00, 0x00, 0x00, 0xD9, 0xAA, 0x30, 0x30, 0x30, 0x30, 0x74, 0xFF, 0x29, 0x00, 0x3F, 0xFF, 0x3A,
    0x00, 0x00, 0x00, 0x00, 0x07, 0xEB, 0x8D, 0x00, 0xA2, 0xD6, 0x00, 0x00, 0x00, 0x00, 0x00, 0x00,
    0x86, 0xEB, 0x06, 0x00, 0x88, 0xFF, 0xFF, 0xFD, 0xE0, 0x80, 0x03, 0x00, 0x00, 0x88, 0xD2, 0x30,
    0x37, 0x70, 0xFA, 0x7A, 0x00, 0x00, 0x88, 0xC8, 0x00, 0x00, 0x00, 0xA5, 0xC2, 0x00, 0x00, 0x88,
    0xC8, 0x00, 0x00, 0x00, 0xAE, 0xAA, 0x00, 0x00, 0x88, 0xC8, 0x00, 0x0D, 0x62, 0xF0, 0x32, 0x00,
    0x00, 0x88, 0xFF, 0xFF, 0xFF, 0xFD, 0x82, 0x08, 0x00, 0x00, 0x88, 0xD2, 0x30, 0x36, 0x58, 0xCC,
    0xCD, 0x06, 0x00, 0x88, 0xC8, 0x00, 0x00, 0x00, 0x1D, 0xFF, 0x49, 0x00, 0x88, 0xC8, 0x00, 0x00,
    0x00, 0x21, 0xFF, 0x4E, 0x00, 0x88, 0xD2, 0x30, 0x32, 0x53, 0xCE, 0xDF, 0x0B, 0x00, 0x88, 0xFF,
    0xFF, 0xFE, 0xE4, 0x9D, 0x1A, 0x00, 0x00, 0x00, 0x00, 0x41, 0xAF, 0xE9, 0xF9, 0xE4, 0xA1, 0x0A,
    0x00, 0x00, 0x85, 0xFB, 0x99, 0x4A, 0x38, 0x59, 0xB7, 0x17, 0x00, 0x60, 0xFA, 0x46, 0x00, 0x00,
    0x00, 0x00, 0x00, 0x00, 0x00, 0xDF, 0x90, 0x00, 0x00, 0x00, 0x00, 0x00, 0x00, 0x00, 0x25, 0xFF,
    0x3C, 0x00, 0x00, 0x00, 0x00, 0x00, 0x00, 0x00, 0x3E, 0xFF, 0x21, 0x00, 0x00, 0x00, 0x00, 0x00,
    0x00, 0x00, 0x33, 0xFF, 0x32, 0x00, 0x00, 0x00, 0x00, 0x00, 0x00, 0x00, 0x08, 0xF6, 0x7B, 0x00,
    0x00, 0x00, 0x00, 0x00, 0x00, 0x00, 0x00, 0x93, 0xF1, 0x2D, 0x00, 0x00, 0x00, 0x00, 0x00, 0x00,
    0x00, 0x0B, 0xC7, 0xF2, 0x83, 0x40, 0x3B, 0x5E, 0xBB, 0x17, 0x00, 0x00, 0x07, 0x75, 0xCF, 0xF6,
    0xF2, 0xD4, 0x83, 0x07, 0x00, 0x88, 0xFF, 0xFF, 0xFE, 0xF1, 0xCC, 0x84, 0x16, 0x00, 0x00, 0x00,
    0x88, 0xD2, 0x30, 0x31, 0x42, 0x78, 0xE0, 0xEA, 0x30, 0x00, 0x00, 0x88, 0xC8, 0x00, 0x00, 0x00,
    0x00, 0x0C, 0xC9, 0xD7, 0x02, 0x00, 0x88, 0xC8, 0x00, 0x00, 0x00, 0x00, 0x00, 0x3B, 0xFF, 0x3C,
    0x00, 0x88, 0xC8, 0x00, 0x00, 0x00, 0x00, 0x00, 0x02, 0xF6, 0x6B, 0x00, 0x88, 0xC8, 0x00, 0x00,
    0x00, 0x00, 0x00, 0x00, 0xE9, 0x75, 0x00, 0x88, 0xC8, 0x00, 0x00, 0x00, 0x00, 0x00, 0x08, 0xFB,
    0x5D, 0x00, 0x88, 0xC8, 0x00, 0x00, 0x00, 0x00, 0x00, 0x54, 0xFD, 0x1D, 0x00, 0x88, 0xC8, 0x00,
    0x00, 0x00, 0x00, 0x21, 0xE3, 0x98, 0x00, 0x00, 0x88, 0xD2, 0x30, 0x32, 0x47, 0x88, 0xF0, 0xB4,
    0x08, 0x00, 0x00, 0x88, 0xFF, 0xFF, 0xFD, 0xEB, 0xB8, 0x58, 0x01, 0x00, 0x00, 0x00, 0x88, 0xFF,
    0xFF, 0xFF, 0xFF, 0xFF, 0x28, 0x00, 0x88, 0xD2, 0x30, 0x30, 0x30, 0x30, 0x07, 0x00, 0x88, 0xC8,
    0x00, 0x00, 0x00, 0x00, 0x00, 0x00, 0x88, 0xC8, 0x00, 0x00, 0x00, 0x00, 0x00, 0x00, 0x88, 0xC8,
    0x00, 0x00, 0x00, 0x00, 0x00, 0x00, 0x88, 0xFF, 0xFF, 0xFF, 0xFF, 0xD4, 0x00, 0x00, 0x88, 0xD2,
    0x30, 0x30, 0x30, 0x27, 0x00, 0x00, 0x88, 0xC8, 0x00, 0x00, 0x00, 0x00, 0x00, 0x00, 0x88, 0xC8,
    0x00, 0x00, 0x00, 0x00, 0x00, 0x00, 0x88, 0xD2, 0x30, 0x30, 0x30, 0x30, 0x13, 0x00, 0x88, 0xFF,
    0xFF, 0xFF, 0xFF, 0xFF, 0x68, 0x00, 0x88, 0xFF, 0xFF, 0xFF, 0xFF, 0xFF, 0x28, 0x00, 0x88, 0xD2,
    0x30, 0x30, 0x30, 0x30, 0x07, 0x00, 0x88, 0xC8, 0x00, 0x00, 0x00, 0x00, 0x00, 0x00, 0x88, 0xC8,
    0x00, 0x00, 0x00, 0x00, 0x00, 0x00, 0x88, 0xC8, 0x00, 0x00, 0x00, 0x00, 0x00, 0x00, 0x88, 0xFF,
    0xFF, 0xFF, 0xFF, 0xD4, 0x00, 0x00, 0x88, 0xD2, 0x30, 0x30, 0x30, 0x27, 0x00, 0x00, 0x88, 0xC8,
    0x00, 0x00, 0x00, 0x00, 0x00, 0x00, 0x88, 0xC8, 0x00, 0x00, 0x00, 0x00, 0x00, 0x00, 0x88, 0xC8,
    0x00, 0x00, 0x00, 0x00, 0x00, 0x00, 0x88, 0xC8, 0x00, 0x00, 0x00, 0x00, 0x00, 0x00, 0x00, 0x00,
    0x38, 0xA9, 0xE6, 0xFA, 0xEB, 0xC3, 0x52, 0x00, 0x00, 0x00, 0x7A, 0xFA, 0x9A, 0x4A, 0x37, 0x51,
    0x8A, 0x8B, 0x00, 0x00, 0x58, 0xFB, 0x49, 0x00, 0x00, 0x00, 0x00, 0x00, 0x00, 0x00, 0x00, 0xDD,
    0x90, 0x00, 0x00, 0x00, 0x00, 0x00, 0x00, 0x00, 0x00, 0x25, 0xFF, 0x3A, 0x00, 0x00, 0x00, 0x00,
    0x00, 0x00, 0x00, 0x00, 0x3E, 0xFF, 0x20, 0x00, 0x00, 0x00, 0xEC, 0xFF, 0xFF, 0xD8, 0x00, 0x31,
    0xFF, 0x33, 0x00, 0x00, 0x00, 0x2C, 0x30, 0x91, 0xD8, 0x00, 0x06, 0xF4, 0x7B, 0x00, 0x00, 0x00,
    0x00, 0x00, 0x78, 0xD8, 0x00, 0x00, 0x8B, 0xF0, 0x2A, 0x00, 0x00, 0x00, 0x00, 0x78, 0xD8, 0x00,
    0x00, 0x07, 0xBB, 0xF1, 0x84, 0x41, 0x37, 0x59, 0xCA, 0xD8, 0x00, 0x00, 0x00, 0x04, 0x6A, 0xC9,
    0xF4, 0xF3, 0xD4, 0x96, 0x2E, 0x00, 0x00, 0x88, 0xC8, 0x00, 0x00, 0x00, 0x00, 0x00, 0x6C, 0xE4,
    0x00, 0x00, 0x88, 0xC8, 0x00, 0x00, 0x00, 0x00, 0x00, 0x6C, 0xE4, 0x00, 0x00, 0x88, 0xC8, 0x00,
    0x00, 0x00, 0x00, 0x00, 0x6C, 0xE4, 0x00, 0x00, 0x88, 0xC8, 0x00, 0x00, 0x00, 0x00, 0x00, 0x6C,
    0xE4, 0x00, 0x00, 0x88, 0xC8, 0x00, 0x00, 0x00, 0x00, 0x00, 0x6C, 0xE4, 0x00, 0x00, 0x88, 0xFF,
    0xFF, 0xFF, 0xFF, 0xFF, 0xFF, 0xFF, 0xE4, 0x00, 0x00, 0x88, 0xD2, 0x30, 0x30, 0x30, 0x30, 0x30,
    0x87, 0xE4, 0x00, 0x00, 0x88, 0xC8, 0x00, 0x00, 0x00, 0x00, 0x00, 0x6C, 0xE4, 0x00, 0x00, 0x88,
    0xC8, 0x00, 0x00, 0x00, 0x00, 0x00, 0x6C, 0xE4, 0x00, 0x00, 0x88, 0xC8, 0x00, 0x00, 0x00, 0x00,
    0x00, 0x6C, 0xE4, 0x00, 0x00, 0x88, 0xC8, 0x00, 0x00, 0x00, 0x00, 0x00, 0x6C, 0xE4, 0x00, 0x00,
    0x88, 0xC8, 0x00, 0x00, 0x88, 0xC8, 0x00, 0x00, 0x88, 0xC8, 0x00, 0x00, 0x88, 0xC8, 0x00, 0x00,
    0x88, 0xC8, 0x00, 0x00, 0x88, 0xC8, 0x00, 0x00, 0x88, 0xC8, 0x00, 0x00, 0x88, 0xC8, 0x00, 0x00,
    0x88, 0xC8, 0x00, 0x00, 0x88, 0xC8, 0x00, 0x00, 0x88, 0xC8, 0x00, 0x00, 0x00, 0x00, 0xF8, 0x58,
    0x00, 0x00, 0x00, 0x00, 0xF8, 0x58, 0x00, 0x00, 0x00, 0x00, 0xF8, 0x58, 0x00, 0x00, 0x00, 0x00,
    0xF8, 0x58, 0x00, 0x00, 0x00, 0x00, 0xF8, 0x58, 0x00, 0x00, 0x00, 0x00, 0xF8, 0x58, 0x00, 0x00,
    0x00, 0x00, 0xF8, 0x57, 0x00, 0x00, 0x00, 0x06, 0xFF, 0x46, 0x00, 0x00, 0x00, 0x33, 0xFF, 0x21,
    0x00, 0x0F, 0x3F, 0xC7, 0xB6, 0x00, 0x00, 0xC7, 0xF7, 0xB4, 0x18, 0x00, 0x00, 0x00, 0x88, 0xC8,
    0x00, 0x00, 0x00, 0x30, 0xF3, 0x7A, 0x00, 0x00, 0x88, 0xC8, 0x00, 0x00, 0x1D, 0xE5, 0x92, 0x00,
    0x00, 0x00, 0x88, 0xC8, 0x00, 0x0F, 0xD3, 0xA7, 0x01, 0x00, 0x00, 0x00, 0x88, 0xC8, 0x05, 0xBC,
    0xB9, 0x05, 0x00, 0x00, 0x00, 0x00, 0x88, 0xC8, 0xA0, 0xCA, 0x0B, 0x00, 0x00, 0x00, 0x00, 0x00,
    0x88, 0xEA, 0xFD, 0x64, 0x00, 0x00, 0x00, 0x00, 0x00, 0x00, 0x88, 0xC8, 0x6F, 0xF8, 0x3F, 0x00,
    0x00, 0x00, 0x00, 0x00, 0x88, 0xC8, 0x00, 0x93, 0xF0, 0x2D, 0x00, 0x00, 0x00, 0x00, 0x88, 0xC8,
    0x00, 0x03, 0xB3, 0xE5, 0x1E, 0x00, 0x00, 0x00, 0x88, 0xC8, 0x00, 0x00, 0x0C, 0xCE, 0xD7, 0x12,
    0x00, 0x00, 0x88, 0xC8, 0x00, 0x00, 0x00, 0x1A, 0xE3, 0xC6, 0x09, 0x00, 0x88, 0xC8, 0x00, 0x00,
    0x00, 0x00, 0x00, 0x00, 0x88, 0xC8, 0x00, 0x00, 0x00, 0x00, 0x00, 0x00, 0x88, 0xC8, 0x00, 0x00,
    0x00, 0x00, 0x00, 0x00, 0x88, 0xC8, 0x00, 0x00, 0x00, 0x00, 0x00, 0x00, 0x88, 0xC8, 0x00, 0x00,
    0x00, 0x00, 0x00, 0x00, 0x88, 0xC8, 0x00, 0x00, 0x00, 0x00, 0x00, 0x00, 0x88, 0xC8, 0x00, 0x00,
    0x00, 0x00, 0x00, 0x00, 0x88, 0xC8, 0x00, 0x00, 0x00, 0x00, 0x00, 0x00, 0x88, 0xC8, 0x00, 0x00,
    0x00, 0x00, 0x00, 0x00, 0x88, 0xD2, 0x30, 0x30, 0x30, 0x30, 0x0D, 0x00, 0x88, 0xFF, 0xFF, 0xFF,
    0xFF, 0xFF, 0x48, 0x00, 0x88, 0xFF, 0x68, 0x00, 0x00, 0x00, 0x00, 0x00, 0x00, 0x09, 0xED, 0xE4,
    0x00, 0x00, 0x88, 0xF4, 0xD1, 0x00, 0x00, 0x00, 0x00, 0x00, 0x00, 0x63, 0xF4, 0xE4, 0x00, 0x00,
    0x88, 0xC2, 0xF1, 0x3C, 0x00, 0x00, 0x00, 0x00, 0x00, 0xCE, 0xB4, 0xE4, 0x00, 0x00, 0x88, 0xBB,
    0x8D, 0xA6, 0x00, 0x00, 0x00, 0x00, 0x3C, 0xE1, 0x6A, 0xE4, 0x00, 0x00, 0x88, 0xBC, 0x1D, 0xF4,
    0x16, 0x00, 0x00, 0x00, 0xA8, 0x71, 0x68, 0xE4, 0x00, 0x00, 0x88, 0xBC, 0x00, 0xA4, 0x7A, 0x00,
    0x00, 0x19, 0xEA, 0x0D, 0x68, 0xE4, 0x00, 0x00, 0x88, 0xBC, 0x00, 0x30, 0xE0, 0x02, 0x00, 0x81,
    0x89, 0x00, 0x68, 0xE4, 0x00, 0x00, 0x88, 0xBC, 0x00, 0x00, 0xBB, 0x4D, 0x05, 0xE1, 0x1B, 0x00,
    0x68, 0xE4, 0x00, 0x00, 0x88, 0xBC, 0x00, 0x00, 0x47, 0xB6, 0x57, 0xA1, 0x00, 0x00, 0x68, 0xE4,
    0x00, 0x00, 0x88, 0xBC, 0x00, 0x00, 0x00, 0xCF, 0xCA, 0x2E, 0x00, 0x00, 0x68, 0xE4, 0x00, 0x00,
    0x88, 0xBC, 0x00, 0x00, 0x00, 0x5E, 0xB9, 0x00, 0x00, 0x00, 0x68, 0xE4, 0x00, 0x00, 0x88, 0xFF,
    0x7E, 0x00, 0x00, 0x00, 0x00, 0x00, 0xD0, 0x80, 0x00, 0x00, 0x88, 0xEE, 0xF9, 0x2B, 0x00, 0x00,
    0x00, 0x00, 0xD0, 0x80, 0x00, 0x00, 0x88, 0xC5, 0xB2, 0xC8, 0x02, 0x00, 0x00, 0x00, 0xD0, 0x80,
    0x00, 0x00, 0x88, 0xC7, 0x1B, 0xF0, 0x72, 0x00, 0x00, 0x00, 0xD0, 0x80, 0x00, 0x00, 0x88, 0xC8,
    0x00, 0x63, 0xF5, 0x23, 0x00, 0x00, 0xD0, 0x80, 0x00, 0x00, 0x88, 0xC8, 0x00, 0x00, 0xB9, 0xBE,
    0x01, 0x00, 0xD0, 0x80, 0x00, 0x00, 0x88, 0xC8, 0x00, 0x00, 0x1E, 0xF2, 0x65, 0x00, 0xD0, 0x80,
    0x00, 0x00, 0x88, 0xC8, 0x00, 0x00, 0x00, 0x6A, 0xF0, 0x1B, 0xCF, 0x80, 0x00, 0x00, 0x88, 0xC8,
    0x00, 0x00, 0x00, 0x01, 0xBF, 0xB2, 0xCB, 0x80, 0x00, 0x00, 0x88, 0xC8, 0x00, 0x00, 0x00, 0x00,
    0x23, 0xF5, 0xF5, 0x80, 0x00, 0x00, 0x88, 0xC8, 0x00, 0x00, 0x00, 0x00, 0x00, 0x70, 0xFF, 0x80,
    0x00, 0x00, 0x00, 0x03, 0x66, 0xC5, 0xF1, 0xF8, 0xD6, 0x7F, 0x0B, 0x00, 0x00, 0x00, 0x04, 0xB5,
    0xF3, 0x83, 0x3F, 0x39, 0x6E, 0xE3, 0xCF, 0x0F, 0x00, 0x00, 0x7E, 0xF4, 0x31, 0x00, 0x00, 0x00,
    0x00, 0x17, 0xE2, 0x9E, 0x00, 0x02, 0xED, 0x82, 0x00, 0x00, 0x00, 0x00, 0x00, 0x00, 0x66, 0xFB,
    0x0F, 0x2B, 0xFF, 0x36, 0x00, 0x00, 0x00, 0x00, 0x00, 0x00, 0x24, 0xFF, 0x41, 0x3F, 0xFF, 0x20,
    0x00, 0x00, 0x00, 0x00, 0x00, 0x00, 0x10, 0xFF, 0x4E, 0x31, 0xFF, 0x34, 0x00, 0x00, 0x00, 0x00,
    0x00, 0x00, 0x22, 0xFF, 0x3A, 0x06, 0xF4, 0x7E, 0x00, 0x00, 0x00, 0x00, 0x00, 0x00, 0x66, 0xF6,
    0x09, 0x00, 0x8C, 0xF1, 0x29, 0x00, 0x00, 0x00, 0x00, 0x19, 0xE3, 0x91, 0x00, 0x00, 0x08, 0xC2,
    0xEF, 0x7A, 0x3B, 0x3B, 0x72, 0xE6, 0xC4, 0x0A, 0x00, 0x00, 0x00, 0x06, 0x73, 0xCF, 0xF6, 0xF5,
    0xCE, 0x73, 0x07, 0x00, 0x00, 0x00, 0x88, 0xFF, 0xFF, 0xFC, 0xDD, 0x90, 0x10, 0x00, 0x00, 0x88,
    0xD2, 0x30, 0x37, 0x65, 0xE4, 0xBB, 0x01, 0x00, 0x88, 0xC8, 0x00, 0x00, 0x00, 0x46, 0xFF, 0x2A,
    0x00, 0x88, 0xC8, 0x00, 0x00, 0x00, 0x17, 0xFF, 0x4B, 0x00, 0x88, 0xC8, 0x00, 0x00, 0x00, 0x43,
    0xFF, 0x2C, 0x00, 0x88, 0xC8, 0x00, 0x0B, 0x43, 0xDB, 0xB8, 0x00, 0x00, 0x88, 0xFF, 0xFF, 0xFF,
    0xFB, 0xA3, 0x0E, 0x00, 0x00, 0x88, 0xD2, 0x30, 0x2B, 0x0C, 0x00, 0x00, 0x00, 0x00, 0x88, 0xC8,
    0x00, 0x00, 0x00, 0x00, 0x00, 0x00, 0x00, 0x88, 0xC8, 0x00, 0x00, 0x00, 0x00, 0x00, 0x00, 0x00,
    0x88, 0xC8, 0x00, 0x00, 0x00, 0x00, 0x00, 0x00, 0x00, 0x00, 0x02, 0x64, 0xC5, 0xF1, 0xF7, 0xD5,
    0x7E, 0x0A, 0x00, 0x00, 0x00, 0x00, 0x04, 0xB2, 0xF3, 0x82, 0x3E, 0x39, 0x6E, 0xE3, 0xCF, 0x0F,
    0x00, 0x00, 0x00, 0x7D, 0xF5, 0x31, 0x00, 0x00, 0x00, 0x00, 0x17, 0xE2, 0x9E, 0x00, 0x00, 0x02,
    0xEC, 0x83, 0x00, 0x00, 0x00, 0x00, 0x00, 0x00, 0x66, 0xFB, 0x0F, 0x00, 0x2B, 0xFF, 0x36, 0x00,
    0x00, 0x00, 0x00, 0x00, 0x00, 0x24, 0xFF, 0x41, 0x00, 0x3F, 0xFF, 0x20, 0x00, 0x00, 0x00, 0x00,
    0x00, 0x00, 0x10, 0xFF, 0x4E, 0x00, 0x31, 0xFF, 0x34, 0x00, 0x00, 0x00, 0x00, 0x00, 0x00, 0x22,
    0xFF, 0x3A, 0x00, 0x06, 0xF4, 0x7E, 0x00, 0x00, 0x00, 0x00, 0x00, 0x00, 0x66, 0xF6, 0x09, 0x00,
    0x00, 0x8C, 0xF1, 0x29, 0x00, 0x00, 0x00, 0x00, 0x19, 0xE3, 0x91, 0x00, 0x00, 0x00, 0x08, 0xC2,
    0xEF, 0x7A, 0x3B, 0x3B, 0x72, 0xE6, 0xC4, 0x0A, 0x00, 0x00, 0x00, 0x00, 0x06, 0x73, 0xCF, 0xF6,
    0xEE, 0xCE, 0xFC, 0xB0, 0x1E, 0x00, 0x00, 0x00, 0x00, 0x00, 0x00, 0x00, 0x00, 0x00, 0x00, 0x2E,
    0xC1, 0xF5, 0x79, 0x06, 0x00, 0x88, 0xFF, 0xFF, 0xFF, 0xE9, 0xAA, 0x21, 0x00, 0x00, 0x00, 0x88,
    0xD2, 0x30, 0x32, 0x54, 0xD6, 0xD7, 0x04, 0x00, 0x00, 0x88, 0xC8, 0x00, 0x00, 0x00, 0x3F, 0xFF,
    0x2E, 0x00, 0x00, 0x88, 0xC8, 0x00, 0x00, 0x00, 0x51, 0xFE, 0x16, 0x00, 0x00, 0x88, 0xD2, 0x30,
    0x33, 0x5F, 0xE6, 0x88, 0x00, 0x00, 0x00, 0x88, 0xFF, 0xFF, 0xFF, 0xF4, 0x4E, 0x00, 0x00, 0x00,
    0x00, 0x88, 0xC8, 0x00, 0x23, 0xC9, 0xBE, 0x02, 0x00, 0x00, 0x00, 0x88, 0xC8, 0x00, 0x00, 0x1E,
    0xF4, 0x69, 0x00, 0x00, 0x00, 0x88, 0xC8, 0x00, 0x00, 0x00, 0x7C, 0xEE, 0x14, 0x00, 0x00, 0x88,
    0xC8, 0x00, 0x00, 0x00, 0x09, 0xE1, 0x9B, 0x00, 0x00, 0x88, 0xC8, 0x00, 0x00, 0x00, 0x00, 0x59,
    0xFD, 0x35, 0x00, 0x01, 0x6B, 0xCF, 0xF4, 0xF0, 0xC5, 0x24, 0x00, 0x00, 0x92, 0xEB, 0x69, 0x39,
    0x4D, 0x97, 0x3F, 0x00, 0x01, 0xF9, 0x6D, 0x00, 0x00, 0x00, 0x00, 0x00, 0x00, 0x00, 0xE5, 0x9D,
    0x00, 0x00, 0x00, 0x00, 0x00, 0x00, 0x00, 0x58, 0xFB, 0xAE, 0x2A, 0x00, 0x00, 0x00, 0x00, 0x00,
    0x00, 0x36, 0xBF, 0xFD, 0xA5, 0x18, 0x00, 0x00, 0x00, 0x00, 0x00, 0x00, 0x40, 0xD0, 0xE8, 0x1E,
    0x00, 0x00, 0x00, 0x00, 0x00, 0x00, 0x0B, 0xDD, 0x96, 0x00, 0x00, 0x00, 0x00, 0x00, 0x00, 0x00,
    0xB7, 0xAF, 0x00, 0x0B, 0xB8, 0x62, 0x37, 0x3D, 0x81, 0xFC, 0x51, 0x00, 0x06, 0xB8, 0xE8, 0xFB,
    0xEF, 0xC1, 0x4F, 0x00, 0x00, 0xAC, 0xFF, 0xFF, 0xFF, 0xFF, 0xFF, 0xFF, 0xFF, 0x18, 0x20, 0x30,
    0x30, 0x8E, 0xE2, 0x30, 0x30, 0x30, 0x04, 0x00, 0x00, 0x00, 0x74, 0xDC, 0x00, 0x00, 0x00, 0x00,
    0x00, 0x00, 0x00, 0x74, 0xDC, 0x00, 0x00, 0x00, 0x00, 0x00, 0x00, 0x00, 0x74, 0xDC, 0x00, 0x00,
    0x00, 0x00, 0x00, 0x00, 0x00, 0x74, 0xDC, 0x00, 0x00, 0x00, 0x00, 0x00, 0x00, 0x00, 0x74, 0xDC,
    0x00, 0x00, 0x00, 0x00, 0x00, 0x00, 0x00, 0x74, 0xDC, 0x00, 0x00, 0x00, 0x00, 0x00, 0x00, 0x00,
    0x74, 0xDC, 0x00, 0x00, 0x00, 0x00, 0x00, 0x00, 0x00, 0x74, 0xDC, 0x00, 0x00, 0x00, 0x00, 0x00,
    0x00, 0x00, 0x74, 0xDC, 0x00, 0x00, 0x00, 0x00, 0x00, 0xAC, 0xA4, 0x00, 0x00, 0x00, 0x00, 0x00,
    0xA4, 0xAC, 0x00, 0x00, 0xAC, 0xA4, 0x00, 0x00, 0x00, 0x00, 0x00, 0xA4, 0xAC, 0x00, 0x00, 0xAC,
    0xA4, 0x00, 0x00, 0x00, 0x00, 0x00, 0xA4, 0xAC, 0x00, 0x00, 0xAC, 0xA4, 0x00, 0x00, 0x00, 0x00,
    0x00, 0xA4, 0xAC, 0x00, 0x00, 0xAC, 0xA4, 0x00, 0x00, 0x00, 0x00, 0x00, 0xA4, 0xAC, 0x00, 0x00,
    0xAC, 0xA4, 0x00, 0x00, 0x00, 0x00, 0x00, 0xA4, 0xAC, 0x00, 0x00, 0xAA, 0xA7, 0x00, 0x00, 0x00,
    0x00, 0x00, 0xA6, 0xA9, 0x00, 0x00, 0x9B, 0xC3, 0x00, 0x00, 0x00, 0x00, 0x00, 0xC1, 0x95, 0x00,
    0x00, 0x67, 0xFA, 0x22, 0x00, 0x00, 0x00, 0x1B, 0xF7, 0x5A, 0x00, 0x00, 0x0D, 0xE0, 0xDE, 0x60,
    0x3A, 0x5A, 0xD8, 0xD3, 0x07, 0x00, 0x00, 0x00, 0x1E, 0xA6, 0xEB, 0xFB, 0xE4, 0x98, 0x14, 0x00,
    0x00, 0xAD, 0xC6, 0x00, 0x00, 0x00, 0x00, 0x00, 0x00, 0xC9, 0x9B, 0x4E, 0xFE, 0x1E, 0x00, 0x00,
    0x00, 0x00, 0x21, 0xFF, 0x3B, 0x05, 0xEA, 0x74, 0x00, 0x00, 0x00, 0x00, 0x79, 0xDA, 0x00, 0x00,
    0x91, 0xCB, 0x00, 0x00, 0x00, 0x00, 0xD1, 0x7A, 0x00, 0x00, 0x33, 0xFF, 0x22, 0x00, 0x00, 0x29,
    0xFD, 0x1C, 0x00, 0x00, 0x00, 0xD4, 0x78, 0x00, 0x00, 0x82, 0xB9, 0x00, 0x00, 0x00, 0x00, 0x76,
    0xCF, 0x00, 0x00, 0xD9, 0x59, 0x00, 0x00, 0x00, 0x00, 0x1A, 0xFC, 0x26, 0x32, 0xF0, 0x08, 0x00,
    0x00, 0x00, 0x00, 0x00, 0xB9, 0x7D, 0x8A, 0x98, 0x00, 0x00, 0x00, 0x00, 0x00, 0x00, 0x5A, 0xC8,
    0xDA, 0x38, 0x00, 0x00, 0x00, 0x00, 0x00, 0x00, 0x09, 0xED, 0xD7, 0x00, 0x00, 0x00, 0x00, 0xA6,
    0xCB, 0x00, 0x00, 0x00, 0x00, 0x2A, 0xFF, 0x5F, 0x00, 0x00, 0x00, 0x00, 0xCF, 0x9A, 0x5A, 0xFE,
    0x15, 0x00, 0x00, 0x00, 0x75, 0xFD, 0xA7, 0x00, 0x00, 0x00, 0x15, 0xFE, 0x51, 0x11, 0xFB, 0x5C,
    0x00, 0x00, 0x00, 0xC1, 0xBD, 0xEC, 0x02, 0x00, 0x00, 0x58, 0xFA, 0x0D, 0x00, 0xC1, 0xA4, 0x00,
    0x00, 0x10, 0xFB, 0x45, 0xFF, 0x36, 0x00, 0x00, 0x9D, 0xBE, 0x00, 0x00, 0x75, 0xEA, 0x01, 0x00,
    0x57, 0xE1, 0x00, 0xD0, 0x7D, 0x00, 0x00, 0xE2, 0x75, 0x00, 0x00, 0x28, 0xFF, 0x34, 0x00, 0xA3,
    0x98, 0x00, 0x87, 0xC5, 0x00, 0x27, 0xFF, 0x2B, 0x00, 0x00, 0x00, 0xDC, 0x7C, 0x02, 0xEB, 0x4E,
    0x00, 0x3E, 0xFC, 0x10, 0x6C, 0xE1, 0x00, 0x00, 0x00, 0x00, 0x90, 0xC4, 0x3A, 0xF9, 0x0C, 0x00,
    0x04, 0xF0, 0x54, 0xB1, 0x98, 0x00, 0x00, 0x00, 0x00, 0x43, 0xFC, 0x8F, 0xBB, 0x00, 0x00, 0x00,
    0xAB, 0x9B, 0xF1, 0x4F, 0x00, 0x00, 0x00, 0x00, 0x05, 0xF1, 0xEC, 0x72, 0x00, 0x00, 0x00, 0x62,
    0xED, 0xF9, 0x0C, 0x00, 0x00, 0x00, 0x00, 0x00, 0xAA, 0xFF, 0x28, 0x00, 0x00, 0x00, 0x1A, 0xFF,
    0xBC, 0x00, 0x00, 0x00, 0x33, 0xFC, 0x67, 0x00, 0x00, 0x00, 0x00, 0xA8, 0xD0, 0x04, 0x00, 0x8E,
    0xEC, 0x12, 0x00, 0x00, 0x47, 0xFC, 0x33, 0x00, 0x00, 0x0B, 0xE0, 0x97, 0x00, 0x09, 0xDD, 0x8A,
    0x00, 0x00, 0x00, 0x00, 0x4A, 0xFD, 0x31, 0x85, 0xDC, 0x09, 0x00, 0x00, 0x00, 0x00, 0x00, 0xA9,
    0xCA, 0xF7, 0x42, 0x00, 0x00, 0x00, 0x00, 0x00, 0x00, 0x36, 0xFF, 0xCD, 0x00, 0x00, 0x00, 0x00,
    0x00, 0x00, 0x01, 0xBD, 0xB7, 0xFA, 0x4F, 0x00, 0x00, 0x00, 0x00, 0x00, 0x6D, 0xEE, 0x17, 0x8A,
    0xE5, 0x0F, 0x00, 0x00, 0x00, 0x24, 0xF5, 0x64, 0x00, 0x0B, 0xE1, 0x98, 0x00, 0x00, 0x02, 0xC4,
    0xC1, 0x01, 0x00, 0x00, 0x50, 0xFE, 0x3E, 0x00, 0x75, 0xF8, 0x27, 0x00, 0x00, 0x00, 0x00, 0xB2,
    0xD9, 0x08, 0x9B, 0xDC, 0x03, 0x00, 0x00, 0x00, 0x04, 0xDE, 0x7C, 0x1E, 0xF9, 0x5A, 0x00, 0x00,
    0x00, 0x63, 0xE9, 0x0C, 0x00, 0x94, 0xD3, 0x01, 0x00, 0x04, 0xDD, 0x6E, 0x00, 0x00, 0x19, 0xF6,
    0x4E, 0x00, 0x61, 0xE0, 0x06, 0x00, 0x00, 0x00, 0x8D, 0xC8, 0x04, 0xDC, 0x60, 0x00, 0x00, 0x00,
    0x00, 0x15, 0xF3, 0x96, 0xD6, 0x03, 0x00, 0x00, 0x00, 0x00, 0x00, 0x86, 0xFF, 0x53, 0x00, 0x00,
    0x00, 0x00, 0x00, 0x00, 0x40, 0xFF, 0x10, 0x00, 0x00, 0x00, 0x00, 0x00, 0x00, 0x40, 0xFF, 0x10,
    0x00, 0x00, 0x00, 0x00, 0x00, 0x00, 0x40, 0xFF, 0x10, 0x00, 0x00, 0x00, 0x00, 0x00, 0x00, 0x40,
    0xFF, 0x10, 0x00, 0x00, 0x00, 0x38, 0xFF, 0xFF, 0xFF, 0xFF, 0xFF, 0xFF, 0xFF, 0x9E, 0x0A, 0x30,
    0x30, 0x30, 0x30, 0x30, 0x9B, 0xE4, 0x11, 0x00, 0x00, 0x00, 0x00, 0x00, 0x2B, 0xF7, 0x46, 0x00,
    0x00, 0x00, 0x00, 0x00, 0x05, 0xCE, 0x93, 0x00, 0x00, 0x00, 0x00, 0x00, 0x00, 0x84, 0xD9, 0x0A,
    0x00, 0x00, 0x00, 0x00, 0x00, 0x38, 0xF8, 0x36, 0x00, 0x00, 0x00, 0x00, 0x00, 0x0A, 0xDA, 0x81,
    0x00, 0x00, 0x00, 0x00, 0x00, 0x00, 0x95, 0xCB, 0x04, 0x00, 0x00, 0x00, 0x00, 0x00, 0x46, 0xF5,
    0x29, 0x00, 0x00, 0x00, 0x00, 0x00, 0x11, 0xE4, 0x97, 0x30, 0x30, 0x30, 0x30, 0x30, 0x1E, 0x99,
    0xFF, 0xFF, 0xFF, 0xFF, 0xFF, 0xFF, 0xFF, 0xA0, 0x00, 0x70, 0xFB, 0xF0, 0x69, 0x00, 0x70, 0xB4,
    0x00, 0x00, 0x00, 0x70, 0xB4, 0x00, 0x00, 0x00, 0x70, 0xB4, 0x00, 0x00, 0x00, 0x70, 0xB4, 0x00,
    0x00, 0x00, 0x70, 0xB4, 0x00, 0x00, 0x00, 0x70, 0xB4, 0x00, 0x00, 0x00, 0x70, 0xB4, 0x00, 0x00,
    0x00, 0x70, 0xB4, 0x00, 0x00, 0x00, 0x70, 0xB4, 0x00, 0x00, 0x00, 0x70, 0xB4, 0x00, 0x00, 0x00,
    0x70, 0xB4, 0x00, 0x00, 0x00, 0x70, 0xB4, 0x00, 0x00, 0x00, 0x70, 0xFB, 0xF0, 0x69, 0x0D, 0xF3,
    0x36, 0x00, 0x00, 0x00, 0x00, 0x00, 0x00, 0x99, 0x9D, 0x00, 0x00, 0x00, 0x00, 0x00, 0x00, 0x31,
    0xF5, 0x0F, 0x00, 0x00, 0x00, 0x00, 0x00, 0x00, 0xC9, 0x6B, 0x00, 0x00, 0x00, 0x00, 0x00, 0x00,
    0x62, 0xD2, 0x00, 0x00, 0x00, 0x00, 0x00, 0x00, 0x0A, 0xEF, 0x38, 0x00, 0x00, 0x00, 0x00, 0x00,
    0x00, 0x92, 0x9F, 0x00, 0x00, 0x00, 0x00, 0x00, 0x00, 0x2B, 0xF5, 0x10, 0x00, 0x00, 0x00, 0x00,
    0x00, 0x00, 0xC3, 0x6D, 0x00, 0x00, 0x00, 0x00, 0x00, 0x00, 0x5B, 0xD3, 0x00, 0x00, 0x00, 0x00,
    0x00, 0x00, 0x07, 0xEC, 0x3A, 0x00, 0x00, 0x00, 0x00, 0x00, 0x00, 0x8C, 0xA1, 0x00, 0x00, 0x00,
    0x00, 0x00, 0x00, 0x25, 0xF5, 0x11, 0x8A, 0xF0, 0xFD, 0x48, 0x00, 0x00, 0x00, 0xDC, 0x48, 0x00,
    0x00, 0x00, 0xDC, 0x48, 0x00, 0x00, 0x00, 0xDC, 0x48, 0x00, 0x00, 0x00, 0xDC, 0x48, 0x00, 0x00,
    0x00, 0xDC, 0x48, 0x00, 0x00, 0x00, 0xDC, 0x48, 0x00, 0x00, 0x00, 0xDC, 0x48, 0x00, 0x00, 0x00,
    0xDC, 0x48, 0x00, 0x00, 0x00, 0xDC, 0x48, 0x00, 0x00, 0x00, 0xDC, 0x48, 0x00, 0x00, 0x00, 0xDC,
    0x48, 0x00, 0x00, 0x00, 0xDC, 0x48, 0x00, 0x8A, 0xF0, 0xFD, 0x48, 0x00, 0x00, 0x00, 0x00, 0x00,
    0x30, 0xDC, 0x08, 0x00, 0x00, 0x00, 0x00, 0x00, 0x00, 0x00, 0x00, 0xBB, 0xEC, 0x7F, 0x00, 0x00,
    0x00, 0x00, 0x00, 0x00, 0x00, 0x48, 0xDE, 0x29, 0xEE, 0x20, 0x00, 0x00, 0x00, 0x00, 0x00, 0x02,
    0xD2, 0x57, 0x00, 0x80, 0xAF, 0x00, 0x00, 0x00, 0x00, 0x00, 0x61, 0xC8, 0x00, 0x00, 0x08, 0xDD,
    0x47, 0x00, 0x00, 0x00, 0x09, 0xE3, 0x3B, 0x00, 0x00, 0x00, 0x4D, 0xD9, 0x06, 0x00, 0x00, 0x00,
    0x00, 0x00, 0x00, 0x00, 0x00, 0x00, 0x00, 0x00, 0x00, 0x00, 0x00, 0x00, 0x00, 0x00, 0x00, 0x00,
    0x00, 0x00, 0x00, 0x00, 0x00, 0x00, 0x00, 0x00, 0x00, 0x00, 0x00, 0x00, 0x00, 0x00, 0x00, 0x00,
    0x00, 0x00, 0x00, 0x00, 0x00, 0x00, 0x00, 0x00, 0x00, 0x00, 0x00, 0x00, 0x00, 0x00, 0x00, 0x00,
    0x00, 0x00, 0x00, 0x00, 0x00, 0x00, 0x00, 0x00, 0x00, 0x00, 0x00, 0x00, 0xF0, 0xF0, 0xF0, 0xF0,
    0xF0, 0xF0, 0x99, 0x18, 0xEC, 0x3D, 0x00, 0x00, 0x56, 0xCE, 0x02, 0x00, 0x00, 0xA7, 0x65, 0x00,
    0x00, 0x00, 0x00, 0x00, 0x00, 0x00, 0x00, 0x00, 0x00, 0x00, 0x00, 0x00, 0x00, 0x00, 0x00, 0x00,
    0x00, 0x00, 0x00, 0x00, 0x00, 0x00, 0x00, 0x00, 0x00, 0x00, 0x00, 0x00, 0x00, 0x00, 0x00, 0x00,
    0x00, 0x00, 0x00, 0x00, 0x00, 0x00, 0x00, 0x00, 0x31, 0xB2, 0xE8, 0xF2, 0xBB, 0x23, 0x00, 0x00,
    0x71, 0x73, 0x2E, 0x28, 0xC3, 0xBD, 0x00, 0x00, 0x00, 0x00, 0x00, 0x00, 0x51, 0xF6, 0x01, 0x00,
    0x10, 0x77, 0xB2, 0xD6, 0xF6, 0xFF, 0x08, 0x09, 0xD9, 0xBA, 0x58, 0x31, 0x50, 0xFF, 0x08, 0x3D,
    0xFF, 0x12, 0x00, 0x00, 0x6B, 0xFF, 0x08, 0x25, 0xFE, 0x77, 0x1D, 0x52, 0xD6, 0xFF, 0x08, 0x00,
    0x6B, 0xE3, 0xF6, 0xB1, 0x55, 0xFF, 0x08, 0x00, 0xB4, 0x94, 0x00, 0x00, 0x00, 0x00, 0x00, 0x00,
    0x00, 0xB4, 0x94, 0x00, 0x00, 0x00, 0x00, 0x00, 0x00, 0x00, 0xB4, 0x94, 0x00, 0x00, 0x00, 0x00,
    0x00, 0x00, 0x00, 0xB4, 0x94, 0x00, 0x00, 0x00, 0x00, 0x00, 0x00, 0x00, 0xB4, 0x94, 0x5F, 0xDB,
    0xF9, 0xCE, 0x3F, 0x00, 0x00, 0xB4, 0xD9, 0xA7, 0x2E, 0x2A, 0xA6, 0xF2, 0x16, 0x00, 0xB4, 0xD8,
    0x03, 0x00, 0x00, 0x06, 0xE4, 0x76, 0x00, 0xB4, 0x9C, 0x00, 0x00, 0x00, 0x00, 0xB3, 0x9B, 0x00,
    0xB4, 0x96, 0x00, 0x00, 0x00, 0x00, 0xC0, 0x8D, 0x00, 0xB4, 0xC6, 0x00, 0x00, 0x00, 0x12, 0xF3,
    0x5B, 0x00, 0xB4, 0xF1, 0x8E, 0x25, 0x35, 0xBE, 0xD6, 0x04, 0x00, 0xB4, 0x96, 0x8C, 0xEF, 0xF4,
    0xB0, 0x1E, 0x00, 0x00, 0x00, 0x51, 0xC8, 0xF7, 0xEE, 0x88, 0x00, 0x63, 0xF9, 0x78, 0x26, 0x3C,
    0x8C, 0x05, 0xED, 0x7B, 0x00, 0x00, 0x00, 0x00, 0x30, 0xFF, 0x27, 0x00, 0x00, 0x00, 0x00, 0x38,
    0xFF, 0x20, 0x00, 0x00, 0x00, 0x00, 0x0F, 0xF9, 0x68, 0x00, 0x00, 0x00, 0x00, 0x00, 0x89, 0xF2,
    0x67, 0x22, 0x40, 0x8B, 0x00, 0x01, 0x73, 0xDC, 0xF9, 0xDD, 0x69, 0x00, 0x00, 0x00, 0x00, 0x00,
    0x00, 0x28, 0xFF, 0x20, 0x00, 0x00, 0x00, 0x00, 0x00, 0x00, 0x28, 0xFF, 0x20, 0x00, 0x00, 0x00,
    0x00, 0x00, 0x00, 0x28, 0xFF, 0x20, 0x00, 0x00, 0x00, 0x00, 0x00, 0x00, 0x28, 0xFF, 0x20, 0x00,
    0x01, 0x75, 0xDF, 0xF9, 0xCA, 0x56, 0xFF, 0x20, 0x00, 0x72, 0xF0, 0x5E, 0x20, 0x4F, 0xDB, 0xFF,
    0x20, 0x05, 0xF0, 0x6A, 0x00, 0x00, 0x00, 0x58, 0xFF, 0x20, 0x27, 0xFF, 0x24, 0x00, 0x00, 0x00,
    0x29, 0xFF, 0x20, 0x33, 0xFF, 0x1D, 0x00, 0x00, 0x00, 0x30, 0xFF, 0x20, 0x0F, 0xFD, 0x5A, 0x00,
    0x00, 0x00, 0x6E, 0xFF, 0x20, 0x00, 0x9D, 0xE8, 0x50, 0x1F, 0x5D, 0xD0, 0xFF, 0x20, 0x00, 0x0C,
    0x9D, 0xF0, 0xF3, 0xAA, 0x3D, 0xFF, 0x20, 0x00, 0x00, 0x69, 0xDC, 0xF6, 0xD1, 0x53, 0x00, 0x00,
    0x76, 0xE2, 0x4B, 0x1E, 0x61, 0xFA, 0x37, 0x09, 0xF3, 0x48, 0x00, 0x00, 0x00, 0xAD, 0x96, 0x34,
    0xFF, 0xFF, 0xFF, 0xFF, 0xFF, 0xFF, 0xB7, 0x2F, 0xFF, 0x3A, 0x18, 0x18, 0x18, 0x18, 0x11, 0x0B,
    0xFA, 0x68, 0x00, 0x00, 0x00, 0x00, 0x00, 0x00, 0x8D, 0xEF, 0x5F, 0x20, 0x38, 0x9B, 0x29, 0x00,
    0x06, 0x8A, 0xE6, 0xF8, 0xDC, 0x8B, 0x0B, 0x00, 0x00, 0x3D, 0xD2, 0xF6, 0x39, 0x00, 0x08, 0xE9,
    0x86, 0x17, 0x00, 0x00, 0x2E, 0xFF, 0x18, 0x00, 0x00, 0x00, 0x38, 0xFF, 0x10, 0x00, 0x00, 0x94,
    0xFF, 0xFF, 0xFF, 0xF0, 0x00, 0x0D, 0x4A, 0xFF, 0x26, 0x16, 0x00, 0x00, 0x38, 0xFF, 0x10, 0x00,
    0x00, 0x00, 0x38, 0xFF, 0x10, 0x00, 0x00, 0x00, 0x38, 0xFF, 0x10, 0x00, 0x00, 0x00, 0x38, 0xFF,
    0x10, 0x00, 0x00, 0x00, 0x38, 0xFF, 0x10, 0x00, 0x00, 0x00, 0x38, 0xFF, 0x10, 0x00, 0x00, 0x00,
    0x01, 0x77, 0xE0, 0xF8, 0xC9, 0x55, 0xFF, 0x20, 0x00, 0x72, 0xF0, 0x5E, 0x20, 0x4E, 0xDB, 0xFF,
    0x20, 0x05, 0xEE, 0x6B, 0x00, 0x00, 0x00, 0x58, 0xFF, 0x20, 0x26, 0xFF, 0x25, 0x00, 0x00, 0x00,
    0x29, 0xFF, 0x20, 0x34, 0xFF, 0x1D, 0x00, 0x00, 0x00, 0x30, 0xFF, 0x20, 0x10, 0xFE, 0x5A, 0x00,
    0x00, 0x00, 0x6E, 0xFF, 0x20, 0x00, 0x9E, 0xE8, 0x50, 0x20, 0x5E, 0xD1, 0xFF, 0x20, 0x00, 0x0C,
    0x9C, 0xF0, 0xF3, 0xAA, 0x42, 0xFF, 0x1D, 0x00, 0x00, 0x00, 0x00, 0x00, 0x00, 0x49, 0xFF, 0x0C,
    0x00, 0x00, 0x00, 0x00, 0x00, 0x00, 0x9F, 0xD2, 0x00, 0x00, 0x90, 0x69, 0x2A, 0x31, 0x8A, 0xFD,
    0x55, 0x00, 0x00, 0x5B, 0xCF, 0xF4, 0xF5, 0xC6, 0x4F, 0x00, 0x00, 0x00, 0xB4, 0x94, 0x00, 0x00,
    0x00, 0x00, 0x00, 0x00, 0x00, 0xB4, 0x94, 0x00, 0x00, 0x00, 0x00, 0x00, 0x00, 0x00, 0xB4, 0x94,
    0x00, 0x00, 0x00, 0x00, 0x00, 0x00, 0x00, 0xB4, 0x94, 0x00, 0x00, 0x00, 0x00, 0x00, 0x00, 0x00,
    0xB4, 0x94, 0x6C, 0xE2, 0xF1, 0xB1, 0x16, 0x00, 0x00, 0xB4, 0xE1, 0x97, 0x25, 0x41, 0xE7, 0x9B,
    0x00, 0x00, 0xB4, 0xD2, 0x01, 0x00, 0x00, 0x7D, 0xDA, 0x00, 0x00, 0xB4, 0x9B, 0x00, 0x00, 0x00,
    0x5B, 0xEF, 0x00, 0x00, 0xB4, 0x94, 0x00, 0x00, 0x00, 0x58, 0xF0, 0x00, 0x00, 0xB4, 0x94, 0x00,
    0x00, 0x00, 0x58, 0xF0, 0x00, 0x00, 0xB4, 0x94, 0x00, 0x00, 0x00, 0x58, 0xF0, 0x00, 0x00, 0xB4,
    0x94, 0x00, 0x00, 0x00, 0x58, 0xF0, 0x00, 0x00, 0xA9, 0x92, 0x00, 0x00, 0xAA, 0x93, 0x00, 0x00,
    0x00, 0x00, 0x00, 0x00, 0x00, 0x00, 0x00, 0x00, 0xB4, 0x94, 0x00, 0x00, 0xB4, 0x94, 0x00, 0x00,
    0xB4, 0x94, 0x00, 0x00, 0xB4, 0x94, 0x00, 0x00, 0xB4, 0x94, 0x00, 0x00, 0xB4, 0x94, 0x00, 0x00,
    0xB4, 0x94, 0x00, 0x00, 0xB4, 0x94, 0x00, 0x00, 0x00, 0x00, 0xA9, 0x92, 0x00, 0x00, 0x00, 0x00,
    0xAA, 0x93, 0x00, 0x00, 0x00, 0x00, 0x00, 0x00, 0x00, 0x00, 0x00, 0x00, 0x00, 0x00, 0x00, 0x00,
    0x00, 0x00, 0xB4, 0x94, 0x00, 0x00, 0x00, 0x00, 0xB4, 0x94, 0x00, 0x00, 0x00, 0x00, 0xB4, 0x94,
    0x00, 0x00, 0x00, 0x00, 0xB4, 0x94, 0x00, 0x00, 0x00, 0x00, 0xB4, 0x94, 0x00, 0x00, 0x00, 0x00,
    0xB4, 0x94, 0x00, 0x00, 0x00, 0x00, 0xB4, 0x94, 0x00, 0x00, 0x00, 0x00, 0xB4, 0x93, 0x00, 0x00,
    0x00, 0x00, 0xBE, 0x80, 0x00, 0x00, 0x00, 0x01, 0xE4, 0x5C, 0x00, 0x03, 0x1A, 0x80, 0xED, 0x0A,
    0x00, 0x7A, 0xF7, 0xD3, 0x3E, 0x00, 0x00, 0x00, 0xB4, 0x94, 0x00, 0x00, 0x00, 0x00, 0x00, 0x00,
    0xB4, 0x94, 0x00, 0x00, 0x00, 0x00, 0x00, 0x00, 0xB4, 0x94, 0x00, 0x00, 0x00, 0x00, 0x00, 0x00,
    0xB4, 0x94, 0x00, 0x00, 0x00, 0x00, 0x00, 0x00, 0xB4, 0x94, 0x00, 0x00, 0x7E, 0xF3, 0x39, 0x00,
    0xB4, 0x94, 0x00, 0x69, 0xF5, 0x3F, 0x00, 0x00, 0xB4, 0x94, 0x56, 0xF6, 0x46, 0x00, 0x00, 0x00,
    0xB4, 0xCE, 0xF8, 0x4E, 0x00, 0x00, 0x00, 0x00, 0xB4, 0xBA, 0xEB, 0x8D, 0x00, 0x00, 0x00, 0x00,
    0xB4, 0x94, 0x35, 0xF3, 0x85, 0x00, 0x00, 0x00, 0xB4, 0x94, 0x00, 0x44, 0xF9, 0x7C, 0x00, 0x00,
    0xB4, 0x94, 0x00, 0x00, 0x54, 0xFD, 0x74, 0x00, 0xB4, 0x94, 0x00, 0x00, 0xB4, 0x94, 0x00, 0x00,
    0xB4, 0x94, 0x00, 0x00, 0xB4, 0x94, 0x00, 0x00, 0xB4, 0x94, 0x00, 0x00, 0xB4, 0x94, 0x00, 0x00,
    0xB4, 0x94, 0x00, 0x00, 0xB4, 0x94, 0x00, 0x00, 0xB4, 0x94, 0x00, 0x00, 0xB4, 0x94, 0x00, 0x00,
    0xB4, 0x94, 0x00, 0x00, 0xB4, 0x94, 0x00, 0x00, 0xB4, 0x94, 0x7C, 0xE9, 0xEF, 0x81, 0x05, 0x8D,
    0xED, 0xEA, 0x8D, 0x02, 0x00, 0x00, 0xB4, 0xE8, 0x7B, 0x21, 0x66, 0xFF, 0xC0, 0x90, 0x22, 0x57,
    0xFC, 0x55, 0x00, 0x00, 0xB4, 0xC8, 0x00, 0x00, 0x00, 0xC8, 0xD8, 0x01, 0x00, 0x00, 0xBF, 0x92,
    0x00, 0x00, 0xB4, 0x99, 0x00, 0x00, 0x00, 0xAA, 0xA5, 0x00, 0x00, 0x00, 0xA3, 0xA7, 0x00, 0x00,
    0xB4, 0x94, 0x00, 0x00, 0x00, 0xA8, 0xA0, 0x00, 0x00, 0x00, 0xA0, 0xA8, 0x00, 0x00, 0xB4, 0x94,
    0x00, 0x00, 0x00, 0xA8, 0xA0, 0x00, 0x00, 0x00, 0xA0, 0xA8, 0x00, 0x00, 0xB4, 0x94, 0x00, 0x00,
    0x00, 0xA8, 0xA0, 0x00, 0x00, 0x00, 0xA0, 0xA8, 0x00, 0x00, 0xB4, 0x94, 0x00, 0x00, 0x00, 0xA8,
    0xA0, 0x00, 0x00, 0x00, 0xA0, 0xA8, 0x00, 0x00, 0xB4, 0x94, 0x6E, 0xE2, 0xF1, 0xAB, 0x11, 0x00,
    0x00, 0xB4, 0xE1, 0x94, 0x25, 0x42, 0xE8, 0x93, 0x00, 0x00, 0xB4, 0xD0, 0x01, 0x00, 0x00, 0x7F,
    0xD8, 0x00, 0x00, 0xB4, 0x9A, 0x00, 0x00, 0x00, 0x5C, 0xEF, 0x00, 0x00, 0xB4, 0x94, 0x00, 0x00,
    0x00, 0x58, 0xF0, 0x00, 0x00, 0xB4, 0x94, 0x00, 0x00, 0x00, 0x58, 0xF0, 0x00, 0x00, 0xB4, 0x94,
    0x00, 0x00, 0x00, 0x58, 0xF0, 0x00, 0x00, 0xB4, 0x94, 0x00, 0x00, 0x00, 0x58, 0xF0, 0x00, 0x00,
    0x00, 0x60, 0xD0, 0xF8, 0xEF, 0xAC, 0x20, 0x00, 0x00, 0x77, 0xF3, 0x67, 0x22, 0x37, 0xBF, 0xDB,
    0x07, 0x09, 0xF4, 0x6D, 0x00, 0x00, 0x00, 0x12, 0xF1, 0x61, 0x34, 0xFF, 0x23, 0x00, 0x00, 0x00,
    0x00, 0xC2, 0x8D, 0x37, 0xFF, 0x21, 0x00, 0x00, 0x00, 0x00, 0xC1, 0x94, 0x0D, 0xF8, 0x68, 0x00,
    0x00, 0x00, 0x10, 0xF0, 0x5D, 0x00, 0x84, 0xF1, 0x64, 0x21, 0x36, 0xBC, 0xD2, 0x07, 0x00, 0x01,
    0x6F, 0xD9, 0xFA, 0xE9, 0x9B, 0x13, 0x00, 0x00, 0xB4, 0x94, 0x5F, 0xDB, 0xF9, 0xCE, 0x3F, 0x00,
    0x00, 0xB4, 0xD9, 0xA7, 0x2E, 0x2A, 0xA6, 0xF2, 0x16, 0x00, 0xB4, 0xD8, 0x03, 0x00, 0x00, 0x06,
    0xE4, 0x76, 0x00, 0xB4, 0x9C, 0x00, 0x00, 0x00, 0x00, 0xB3, 0x9B, 0x00, 0xB4, 0x96, 0x00, 0x00,
    0x00, 0x00, 0xC0, 0x8D, 0x00, 0xB4, 0xC6, 0x00, 0x00, 0x00, 0x12, 0xF3, 0x5B, 0x00, 0xB4, 0xF1,
    0x8E, 0x25, 0x35, 0xBE, 0xD6, 0x04, 0x00, 0xB4, 0x96, 0x8A, 0xEE, 0xF4, 0xB0, 0x1E, 0x00, 0x00,
    0xB4, 0x94, 0x00, 0x00, 0x00, 0x00, 0x00, 0x00, 0x00, 0xB4, 0x94, 0x00, 0x00, 0x00, 0x00, 0x00,
    0x00, 0x00, 0xB4, 0x94, 0x00, 0x00, 0x00, 0x00, 0x00, 0x00, 0x00, 0xB4, 0x94, 0x00, 0x00, 0x00,
    0x00, 0x00, 0x00, 0x00, 0x01, 0x75, 0xDE, 0xF9, 0xCB, 0x58, 0xFF, 0x20, 0x00, 0x72, 0xF0, 0x5D,
    0x20, 0x4F, 0xDC, 0xFF, 0x20, 0x05, 0xF0, 0x6B, 0x00, 0x00, 0x00, 0x59, 0xFF, 0x20, 0x27, 0xFF,
    0x25, 0x00, 0x00, 0x00, 0x29, 0xFF, 0x20, 0x33, 0xFF, 0x1D, 0x00, 0x00, 0x00, 0x30, 0xFF, 0x20,
    0x0F, 0xFD, 0x58, 0x00, 0x00, 0x00, 0x6E, 0xFF, 0x20, 0x00, 0x9D, 0xE6, 0x4E, 0x1F, 0x5E, 0xCF,
    0xFF, 0x20, 0x00, 0x0C, 0x9B, 0xEF, 0xF3, 0xAD, 0x3E, 0xFF, 0x20, 0x00, 0x00, 0x00, 0x00, 0x00,
    0x00, 0x28, 0xFF, 0x20, 0x00, 0x00, 0x00, 0x00, 0x00, 0x00, 0x28, 0xFF, 0x20, 0x00, 0x00, 0x00,
    0x00, 0x00, 0x00, 0x28, 0xFF, 0x20, 0x00, 0x00, 0x00, 0x00, 0x00, 0x00, 0x28, 0xFF, 0x20, 0x00,
    0xB4, 0x95, 0x8D, 0xF4, 0x71, 0x00, 0xB4, 0xE2, 0x75, 0x08, 0x00, 0x00, 0xB4, 0xD1, 0x00, 0x00,
    0x00, 0x00, 0xB4, 0x9F, 0x00, 0x00, 0x00, 0x00, 0xB4, 0x94, 0x00, 0x00, 0x00, 0x00, 0xB4, 0x94,
    0x00, 0x00, 0x00, 0x00, 0xB4, 0x94, 0x00, 0x00, 0x00, 0x00, 0xB4, 0x94, 0x00, 0x00, 0x00, 0x00,
    0x35, 0xBD, 0xF2, 0xED, 0x84, 0x00, 0x06, 0xEE, 0x87, 0x1E, 0x44, 0x95, 0x00, 0x1B, 0xFF, 0x49,
    0x00, 0x00, 0x01, 0x00, 0x00, 0x97, 0xF7, 0x99, 0x30, 0x00, 0x00, 0x00, 0x00, 0x36, 0xA2, 0xFA,
    0x87, 0x00, 0x01, 0x00, 0x00, 0x00, 0x5C, 0xFE, 0x0F, 0x2F, 0x9C, 0x34, 0x1D, 0x89, 0xEA, 0x07,
    0x18, 0xBD, 0xF2, 0xF1, 0xBA, 0x2F, 0x00, 0x00, 0x31, 0xDD, 0x00, 0x00, 0x00, 0x00, 0x48, 0xFF,
    0x00, 0x00, 0x00, 0xA8, 0xFF, 0xFF, 0xFF, 0xFF, 0x04, 0x0F, 0x59, 0xFF, 0x18, 0x18, 0x00, 0x00,
    0x48, 0xFF, 0x00, 0x00, 0x00, 0x00, 0x48, 0xFF, 0x00, 0x00, 0x00, 0x00, 0x48, 0xFF, 0x00, 0x00,
    0x00, 0x00, 0x46, 0xFF, 0x03, 0x00, 0x00, 0x00, 0x29, 0xFF, 0x58, 0x0C, 0x00, 0x00, 0x00, 0x8F,
    0xF2, 0xED, 0x03, 0x00, 0xE0, 0x68, 0x00, 0x00, 0x00, 0x84, 0xC4, 0x00, 0x00, 0xE0, 0x68, 0x00,
    0x00, 0x00, 0x84, 0xC4, 0x00, 0x00, 0xE0, 0x68, 0x00, 0x00, 0x00, 0x84, 0xC4, 0x00, 0x00, 0xE0,
    0x68, 0x00, 0x00, 0x00, 0x84, 0xC4, 0x00, 0x00, 0xDE, 0x6C, 0x00, 0x00, 0x00, 0x89, 0xC4, 0x00,
    0x00, 0xC6, 0x8F, 0x00, 0x00, 0x00, 0xBB, 0xC4, 0x00, 0x00, 0x81, 0xF0, 0x4D, 0x21, 0x7D, 0xE9,
    0xC4, 0x00, 0x00, 0x0B, 0x9C, 0xEB, 0xEE, 0x8C, 0x87, 0xC4, 0x00, 0xB4, 0xAE, 0x00, 0x00, 0x00,
    0x04, 0xEC, 0x64, 0x53, 0xF7, 0x0D, 0x00, 0x00, 0x4B, 0xF2, 0x0C, 0x06, 0xEB, 0x5B, 0x00, 0x00,
    0xA5, 0x98, 0x00, 0x00, 0x91, 0xB2, 0x00, 0x0A, 0xF4, 0x32, 0x00, 0x00, 0x30, 0xF9, 0x0F, 0x59,
    0xCC, 0x00, 0x00, 0x00, 0x00, 0xCF, 0x5F, 0xB3, 0x66, 0x00, 0x00, 0x00, 0x00, 0x6E, 0xB0, 0xEB,
    0x0D, 0x00, 0x00, 0x00, 0x00, 0x13, 0xF6, 0x9A, 0x00, 0x00, 0x00, 0xAA, 0xAA, 0x00, 0x00, 0x00,
    0xD0, 0xA6, 0x00, 0x00, 0x0C, 0xFA, 0x39, 0x5C, 0xEE, 0x02, 0x00, 0x1E, 0xF0, 0xEB, 0x01, 0x00,
    0x4B, 0xEA, 0x02, 0x12, 0xFC, 0x37, 0x00, 0x6D, 0x9C, 0xEC, 0x33, 0x00, 0x90, 0xA0, 0x00, 0x00,
    0xC1, 0x7E, 0x00, 0xBC, 0x4B, 0xA5, 0x79, 0x00, 0xD5, 0x53, 0x00, 0x00, 0x74, 0xC4, 0x0F, 0xEE,
    0x07, 0x5B, 0xC0, 0x1A, 0xF9, 0x0D, 0x00, 0x00, 0x26, 0xFB, 0x68, 0xAB, 0x00, 0x13, 0xF7, 0x6B,
    0xBA, 0x00, 0x00, 0x00, 0x00, 0xD9, 0xDC, 0x5B, 0x00, 0x00, 0xC7, 0xDA, 0x6E, 0x00, 0x00, 0x00,
    0x00, 0x8B, 0xFB, 0x10, 0x00, 0x00, 0x7D, 0xFF, 0x22, 0x00, 0x00, 0x5B, 0xF7, 0x20, 0x00, 0x00,
    0x91, 0xCB, 0x03, 0x00, 0xB6, 0xA8, 0x00, 0x2C, 0xF5, 0x2B, 0x00, 0x00, 0x1E, 0xF3, 0x3B, 0xC0,
    0x7A, 0x00, 0x00, 0x00, 0x00, 0x6F, 0xEA, 0xCC, 0x04, 0x00, 0x00, 0x00, 0x00, 0x5C, 0xF8, 0xC0,
    0x01, 0x00, 0x00, 0x00, 0x1D, 0xEE, 0x43, 0xDF, 0x6B, 0x00, 0x00, 0x01, 0xBE, 0x9B, 0x00, 0x4E,
    0xF4, 0x22, 0x00, 0x73, 0xEB, 0x12, 0x00, 0x00, 0xB2, 0xC0, 0x01, 0xB3, 0xB2, 0x00, 0x00, 0x00,
    0x00, 0xD5, 0x78, 0x4F, 0xF8, 0x0E, 0x00, 0x00, 0x2E, 0xFB, 0x18, 0x04, 0xE6, 0x5C, 0x00, 0x00,
    0x88, 0xAD, 0x00, 0x00, 0x87, 0xB2, 0x00, 0x01, 0xE0, 0x48, 0x00, 0x00, 0x23, 0xF7, 0x0E, 0x3B,
    0xE0, 0x02, 0x00, 0x00, 0x00, 0xBF, 0x5C, 0x94, 0x7D, 0x00, 0x00, 0x00, 0x00, 0x5B, 0xB1, 0xE5,
    0x1B, 0x00, 0x00, 0x00, 0x00, 0x08, 0xEA, 0xB2, 0x00, 0x00, 0x00, 0x00, 0x00, 0x07, 0xEE, 0x4C,
    0x00, 0x00, 0x00, 0x00, 0x00, 0x5B, 0xDF, 0x03, 0x00, 0x00, 0x00, 0x06, 0x34, 0xDE, 0x64, 0x00,
    0x00, 0x00, 0x00, 0x94, 0xF0, 0x84, 0x00, 0x00, 0x00, 0x00, 0x00, 0x4C, 0xFF, 0xFF, 0xFF, 0xFF,
    0xFF, 0xB9, 0x07, 0x18, 0x18, 0x18, 0x64, 0xEE, 0x1D, 0x00, 0x00, 0x00, 0x1A, 0xEB, 0x53, 0x00,
    0x00, 0x00, 0x02, 0xBE, 0x9A, 0x00, 0x00, 0x00, 0x00, 0x7B, 0xD6, 0x0A, 0x00, 0x00, 0x00, 0x39,
    0xF4, 0x2F, 0x00, 0x00, 0x00, 0x10, 0xE0, 0x84, 0x18, 0x18, 0x18, 0x13, 0x9B, 0xFF, 0xFF, 0xFF,
    0xFF, 0xFF, 0xD4, 0x00, 0x00, 0x4D, 0xDB, 0x55, 0x00, 0x00, 0xEB, 0x6B, 0x02, 0x00, 0x0E, 0xFF,
    0x1B, 0x00, 0x00, 0x10, 0xFF, 0x18, 0x00, 0x00, 0x15, 0xFF, 0x15, 0x00, 0x02, 0x6C, 0xE4, 0x02,
    0x00, 0x44, 0xFE, 0x53, 0x00, 0x00, 0x00, 0x64, 0xE0, 0x00, 0x00, 0x00, 0x17, 0xFF, 0x12, 0x00,
    0x00, 0x10, 0xFF, 0x18, 0x00, 0x00, 0x10, 0xFF, 0x18, 0x00, 0x00, 0x09, 0xFF, 0x1E, 0x00, 0x00,
    0x00, 0xDB, 0x6C, 0x01, 0x00, 0x00, 0x3E, 0xD6, 0x55, 0x00, 0xA8, 0x80, 0x00, 0x00, 0xA8, 0x80,
    0x00, 0x00, 0xA8, 0x80, 0x00, 0x00, 0xA8, 0x80, 0x00, 0x00, 0xA8, 0x80, 0x00, 0x00, 0xA8, 0x80,
    0x00, 0x00, 0xA8, 0x80, 0x00, 0x00, 0xA8, 0x80, 0x00, 0x00, 0xA8, 0x80, 0x00, 0x00, 0xA8, 0x80,
    0x00, 0x00, 0xA8, 0x80, 0x00, 0x00, 0xA8, 0x80, 0x00, 0x00, 0xA8, 0x80, 0x00, 0x00, 0xA8, 0x80,
    0x00, 0x00, 0xA8, 0x80, 0x00, 0x00, 0xA8, 0x80, 0x00, 0x77, 0xCF, 0x34, 0x00, 0x00, 0x05, 0x8C,
    0xC2, 0x00, 0x00, 0x00, 0x3F, 0xE6, 0x00, 0x00, 0x00, 0x3C, 0xE8, 0x00, 0x00, 0x00, 0x39, 0xEC,
    0x00, 0x00, 0x00, 0x14, 0xF6, 0x46, 0x00, 0x00, 0x00, 0x77, 0xFE, 0x1D, 0x00, 0x0F, 0xF6, 0x3C,
    0x00, 0x00, 0x36, 0xEE, 0x00, 0x00, 0x00, 0x3C, 0xE8, 0x00, 0x00, 0x00, 0x3C, 0xE8, 0x00, 0x00,
    0x00, 0x43, 0xE0, 0x00, 0x00, 0x04, 0x8F, 0xB2, 0x00, 0x00, 0x77, 0xC9, 0x28, 0x00, 0x00, 0x00,
    0x00, 0x8D, 0xF1, 0xE5, 0x90, 0x2A, 0x12, 0xE0, 0x38, 0x00, 0x00, 0x3B, 0xDC, 0x1E, 0x34, 0x99,
    0xEF, 0xF9, 0x98, 0x00, 0x00, 0x00, 0x04, 0x08, 0x00, 0x00, 0x00, 0x00, 0x03, 0x00, 0x00, 0x00,
    0x00, 0x00, 0x00, 0x00, 0x00, 0x00, 0x00, 0x00, 0x00, 0x00, 0x00, 0x00, 0x00, 0x00, 0x00, 0x00,
    0x00, 0x00, 0x00, 0x00, 0x00, 0x00, 0x00, 0x00, 0x00, 0x00, 0x00, 0x00, 0x00, 0x00, 0x00, 0x00,
    0x00, 0x00, 0x00, 0x00, 0x00, 0xBB, 0xF6, 0x0F, 0x00, 0x00, 0x00, 0x00, 0x00, 0x00, 0x00, 0x20,
    0xF5, 0xC6, 0x6A, 0x00, 0x00, 0x00, 0x00, 0x00, 0x00, 0x00, 0x83, 0xB0, 0x71, 0xCE, 0x00, 0x00,
    0x00, 0x00, 0x00, 0x00, 0x02, 0xE3, 0x5B, 0x1C, 0xFE, 0x33, 0x00, 0x00, 0x00, 0x00, 0x00, 0x4B,
    0xF8, 0x0D, 0x00, 0xC4, 0x97, 0x00, 0x00, 0x00, 0x00, 0x00, 0xAF, 0xB0, 0x00, 0x00, 0x6E, 0xF1,
    0x0A, 0x00, 0x00, 0x00, 0x17, 0xFB, 0x5A, 0x00, 0x00, 0x19, 0xFD, 0x60, 0x00, 0x00, 0x00, 0x77,
    0xFF, 0xFF, 0xFF, 0xFF, 0xFF, 0xFF, 0xC4, 0x00, 0x00, 0x00, 0xD9, 0xAA, 0x30, 0x30, 0x30, 0x30,
    0x74, 0xFF, 0x29, 0x00, 0x3F, 0xFF, 0x3A, 0x00, 0x00, 0x00, 0x00, 0x07, 0xEB, 0x8D, 0x00, 0xA2,
    0xD6, 0x00, 0x00, 0x00, 0x00, 0x00, 0x00, 0x86, 0xEB, 0x06, 0x00, 0x88, 0xFF, 0xFF, 0xFF, 0xFF,
    0xFF, 0x74, 0x00, 0x00, 0x88, 0xD2, 0x30, 0x30, 0x30, 0x30, 0x15, 0x00, 0x00, 0x88, 0xC8, 0x00,
    0x00, 0x00, 0x00, 0x00, 0x00, 0x00, 0x88, 0xC8, 0x00, 0x00, 0x00, 0x00, 0x00, 0x00, 0x00, 0x88,
    0xC8, 0x00, 0x00, 0x00, 0x00, 0x00, 0x00, 0x00, 0x88, 0xFF, 0xFF, 0xFF, 0xEC, 0xB9, 0x36, 0x00,
    0x00, 0x88, 0xD2, 0x30, 0x32, 0x4C, 0xBC, 0xF0, 0x1B, 0x00, 0x88, 0xC8, 0x00, 0x00, 0x00, 0x0D,
    0xFD, 0x5C, 0x00, 0x88, 0xC8, 0x00, 0x00, 0x00, 0x13, 0xFE, 0x51, 0x00, 0x88, 0xD2, 0x30, 0x32,
    0x4F, 0xC6, 0xE1, 0x0F, 0x00, 0x88, 0xFF, 0xFF, 0xFF, 0xE7, 0xAB, 0x24, 0x00, 0x00, 0x88, 0xFF,
    0xFF, 0xFD, 0xE0, 0x80, 0x03, 0x00, 0x00, 0x88, 0xD2, 0x30, 0x37, 0x70, 0xFA, 0x7A, 0x00, 0x00,
    0x88, 0xC8, 0x00, 0x00, 0x00, 0xA5, 0xC2, 0x00, 0x00, 0x88, 0xC8, 0x00, 0x00, 0x00, 0xAE, 0xAA,
    0x00, 0x00, 0x88, 0xC8, 0x00, 0x0D, 0x62, 0xF0, 0x32, 0x00, 0x00, 0x88, 0xFF, 0xFF, 0xFF, 0xFD,
    0x82, 0x08, 0x00, 0x00, 0x88, 0xD2, 0x30, 0x36, 0x58, 0xCC, 0xCD, 0x06, 0x00, 0x88, 0xC8, 0x00,
    0x00, 0x00, 0x1D, 0xFF, 0x49, 0x00, 0x88, 0xC8, 0x00, 0x00, 0x00, 0x21, 0xFF, 0x4E, 0x00, 0x88,
    0xD2, 0x30, 0x32, 0x53, 0xCE, 0xDF, 0x0B, 0x00, 0x88, 0xFF, 0xFF, 0xFE, 0xE4, 0x9D, 0x1A, 0x00,
    0x00, 0x88, 0xFF, 0xFF, 0xFF, 0xFF, 0xFF, 0x48, 0x00, 0x88, 0xD7, 0x38, 0x38, 0x38, 0x38, 0x0F,
    0x00, 0x88, 0xCC, 0x00, 0x00, 0x00, 0x00, 0x00, 0x00, 0x88, 0xCC, 0x00, 0x00, 0x00, 0x00, 0x00,
    0x00, 0x88, 0xCC, 0x00, 0x00, 0x00, 0x00, 0x00, 0x00, 0x88, 0xCC, 0x00, 0x00, 0x00, 0x00, 0x00,
    0x00, 0x88, 0xCC, 0x00, 0x00, 0x00, 0x00, 0x00, 0x00, 0x88, 0xCC, 0x00, 0x00, 0x00, 0x00, 0x00,
    0x00, 0x88, 0xCC, 0x00, 0x00, 0x00, 0x00, 0x00, 0x00, 0x88, 0xCC, 0x00, 0x00, 0x00, 0x00, 0x00,
    0x00, 0x88, 0xCC, 0x00, 0x00, 0x00, 0x00, 0x00, 0x00, 0x00, 0x00, 0x46, 0xFF, 0xFF, 0xFF, 0xFF,
    0xFF, 0x10, 0x00, 0x00, 0x00, 0x00, 0x62, 0xE0, 0x30, 0x30, 0x64, 0xFF, 0x10, 0x00, 0x00, 0x00,
    0x00, 0x82, 0xBA, 0x00, 0x00, 0x40, 0xFF, 0x10, 0x00, 0x00, 0x00, 0x00, 0xBB, 0x8F, 0x00, 0x00,
    0x40, 0xFF, 0x10, 0x00, 0x00, 0x00, 0x03, 0xF3, 0x51, 0x00, 0x00, 0x40, 0xFF, 0x10, 0x00, 0x00,
    0x00, 0x3E, 0xFD, 0x13, 0x00, 0x00, 0x40, 0xFF, 0x10, 0x00, 0x00, 0x00, 0x97, 0xBF, 0x00, 0x00,
    0x00, 0x40, 0xFF, 0x10, 0x00, 0x00, 0x06, 0xEA, 0x68, 0x00, 0x00, 0x00, 0x40, 0xFF, 0x10, 0x00,
    0x00, 0x65, 0xF1, 0x0F, 0x00, 0x00, 0x00, 0x40, 0xFF, 0x10, 0x00, 0x2A, 0xDB, 0xAA, 0x30, 0x30,
    0x30, 0x30, 0x64, 0xFF, 0x3D, 0x1B, 0xE0, 0xFF, 0xFF, 0xFF, 0xFF, 0xFF, 0xFF, 0xFF, 0xFF, 0xFF,
    0x90, 0xE0, 0x54, 0x00, 0x00, 0x00, 0x00, 0x00, 0x00, 0x00, 0xA4, 0x90, 0xE0, 0x54, 0x00, 0x00,
    0x00, 0x00, 0x00, 0x00, 0x00, 0xA4, 0x90, 0xE0, 0x54, 0x00, 0x00, 0x00, 0x00, 0x00, 0x00, 0x00,
    0xA4, 0x90, 0x00, 0x88, 0xFF, 0xFF, 0xFF, 0xFF, 0xFF, 0x28, 0x00, 0x88, 0xD2, 0x30, 0x30, 0x30,
    0x30, 0x07, 0x00, 0x88, 0xC8, 0x00, 0x00, 0x00, 0x00, 0x00, 0x00, 0x88, 0xC8, 0x00, 0x00, 0x00,
    0x00, 0x00, 0x00, 0x88, 0xC8, 0x00, 0x00, 0x00, 0x00, 0x00, 0x00, 0x88, 0xFF, 0xFF, 0xFF, 0xFF,
    0xD4, 0x00, 0x00, 0x88, 0xD2, 0x30, 0x30, 0x30, 0x27, 0x00, 0x00, 0x88, 0xC8, 0x00, 0x00, 0x00,
    0x00, 0x00, 0x00, 0x88, 0xC8, 0x00, 0x00, 0x00, 0x00, 0x00, 0x00, 0x88, 0xD2, 0x30, 0x30, 0x30,
    0x30, 0x13, 0x00, 0x88, 0xFF, 0xFF, 0xFF, 0xFF, 0xFF, 0x68, 0x00, 0x61, 0xF7, 0x3D, 0x00, 0x00,
    0x00, 0xB0, 0x8C, 0x00, 0x00, 0x00, 0x5B, 0xF8, 0x42, 0x00, 0x00, 0x00, 0x79, 0xED, 0x27, 0x00,
    0x00, 0xB0, 0x8C, 0x00, 0x00, 0x3F, 0xF7, 0x56, 0x00, 0x00, 0x00, 0x00, 0x00, 0x90, 0xDD, 0x15,
    0x00, 0xB0, 0x8C, 0x00, 0x28, 0xEE, 0x6C, 0x00, 0x00, 0x00, 0x00, 0x00, 0x00, 0x01, 0xA7, 0xC7,
    0x09, 0xB0, 0x8C, 0x16, 0xDE, 0x84, 0x00, 0x00, 0x00, 0x00, 0x00, 0x00, 0x00, 0x00, 0x06, 0xBB,
    0xAD, 0xB1, 0x95, 0xC9, 0x9C, 0x00, 0x00, 0x00, 0x00, 0x00, 0x00, 0x00, 0x00, 0x00, 0x00, 0x4B,
    0xFD, 0xDC, 0xD9, 0xFC, 0x2A, 0x00, 0x00, 0x00, 0x00, 0x00, 0x00, 0x00, 0x00, 0x00, 0x2D, 0xF0,
    0x73, 0xB0, 0x8C, 0x97, 0xDF, 0x18, 0x00, 0x00, 0x00, 0x00, 0x00, 0x00, 0x00, 0x1E, 0xE5, 0x98,
    0x00, 0xB0, 0x8C, 0x04, 0xB8, 0xCF, 0x0E, 0x00, 0x00, 0x00, 0x00, 0x00, 0x13, 0xD7, 0xBA, 0x04,
    0x00, 0xB0, 0x8C, 0x00, 0x0D, 0xD2, 0xBD, 0x06, 0x00, 0x00, 0x00, 0x0A, 0xC7, 0xD4, 0x0F, 0x00,
    0x00, 0xB0, 0x8C, 0x00, 0x00, 0x1E, 0xE7, 0xA8, 0x01, 0x00, 0x04, 0xB4, 0xE9, 0x20, 0x00, 0x00,
    0x00, 0xB0, 0x8C, 0x00, 0x00, 0x00, 0x34, 0xF5, 0x90, 0x00, 0x00, 0x66, 0xCB, 0xF1, 0xED, 0xB8,
    0x30, 0x00, 0x00, 0x00, 0xC7, 0x6C, 0x34, 0x3F, 0xC2, 0xEC, 0x15, 0x00, 0x00, 0x04, 0x00, 0x00,
    0x00, 0x22, 0xFF, 0x50, 0x00, 0x00, 0x00, 0x00, 0x00, 0x00, 0x25, 0xFF, 0x41, 0x00, 0x00, 0x00,
    0x00, 0x06, 0x30, 0xC2, 0xBF, 0x02, 0x00, 0x00, 0x00, 0xB4, 0xFF, 0xFF, 0xCA, 0x27, 0x00, 0x00,
    0x00, 0x00, 0x10, 0x1B, 0x33, 0x8D, 0xF5, 0x3C, 0x00, 0x00, 0x00, 0x00, 0x00, 0x00, 0x00, 0xBD,
    0xAE, 0x00, 0x03, 0x00, 0x00, 0x00, 0x00, 0x00, 0xC3, 0xAF, 0x00, 0x3F, 0xB8, 0x52, 0x2B, 0x38,
    0x9B, 0xFD, 0x48, 0x00, 0x18, 0xA2, 0xE2, 0xF8, 0xE7, 0xB5, 0x3D, 0x00, 0x00, 0x00, 0x88, 0xC8,
    0x00, 0x00, 0x00, 0x00, 0x00, 0x84, 0xFF, 0x80, 0x00, 0x00, 0x88, 0xC8, 0x00, 0x00, 0x00, 0x00,
    0x2F, 0xFA, 0xEF, 0x80, 0x00, 0x00, 0x88, 0xC8, 0x00, 0x00, 0x00, 0x04, 0xCD, 0xAE, 0xCC, 0x80,
    0x00, 0x00, 0x88, 0xC8, 0x00, 0x00, 0x00, 0x78, 0xEE, 0x18, 0xD0, 0x80, 0x00, 0x00, 0x88, 0xC8,
    0x00, 0x00, 0x27, 0xF7, 0x5E, 0x00, 0xD0, 0x80, 0x00, 0x00, 0x88, 0xC8, 0x00, 0x01, 0xC4, 0xB5,
    0x00, 0x00, 0xD0, 0x80, 0x00, 0x00, 0x88, 0xC8, 0x00, 0x6D, 0xF1, 0x1C, 0x00, 0x00, 0xD0, 0x80,
    0x00, 0x00, 0x88, 0xC7, 0x20, 0xF3, 0x65, 0x00, 0x00, 0x00, 0xD0, 0x80, 0x00, 0x00, 0x88, 0xC4,
    0xB9, 0xBC, 0x00, 0x00, 0x00, 0x00, 0xD0, 0x80, 0x00, 0x00, 0x88, 0xF4, 0xF4, 0x20, 0x00, 0x00,
    0x00, 0x00, 0xD0, 0x80, 0x00, 0x00, 0x88, 0xFF, 0x6C, 0x00, 0x00, 0x00, 0x00, 0x00, 0xD0, 0x80,
    0x00, 0x00, 0x00, 0x00, 0x90, 0xC6, 0x15, 0x13, 0xB7, 0xAA, 0x00, 0x00, 0x00, 0x00, 0x00, 0x00,
    0x0F, 0xA7, 0xF0, 0xF0, 0xAD, 0x15, 0x00, 0x00, 0x00, 0x00, 0x00, 0x00, 0x00, 0x00, 0x00, 0x00,
    0x00, 0x00, 0x00, 0x00, 0x00, 0x00, 0x88, 0xC8, 0x00, 0x00, 0x00, 0x00, 0x00, 0x84, 0xFF, 0x80,
    0x00, 0x00, 0x88, 0xC8, 0x00, 0x00, 0x00, 0x00, 0x2F, 0xFA, 0xEF, 0x80, 0x00, 0x00, 0x88, 0xC8,
    0x00, 0x00, 0x00, 0x04, 0xCD, 0xAE, 0xCC, 0x80, 0x00, 0x00, 0x88, 0xC8, 0x00, 0x00, 0x00, 0x78,
    0xEE, 0x18, 0xD0, 0x80, 0x00, 0x00, 0x88, 0xC8, 0x00, 0x00, 0x27, 0xF7, 0x5E, 0x00, 0xD0, 0x80,
    0x00, 0x00, 0x88, 0xC8, 0x00, 0x01, 0xC4, 0xB5, 0x00, 0x00, 0xD0, 0x80, 0x00, 0x00, 0x88, 0xC8,
    0x00, 0x6D, 0xF1, 0x1C, 0x00, 0x00, 0xD0, 0x80, 0x00, 0x00, 0x88, 0xC7, 0x20, 0xF3, 0x65, 0x00,
    0x00, 0x00, 0xD0, 0x80, 0x00, 0x00, 0x88, 0xC4, 0xB9, 0xBC, 0x00, 0x00, 0x00, 0x00, 0xD0, 0x80,
    0x00, 0x00, 0x88, 0xF4, 0xF4, 0x20, 0x00, 0x00, 0x00, 0x00, 0xD0, 0x80, 0x00, 0x00, 0x88, 0xFF,
    0x6C, 0x00, 0x00, 0x00, 0x00, 0x00, 0xD0, 0x80, 0x00, 0x00, 0x88, 0xC8, 0x00, 0x00, 0x00, 0x30,
    0xF3, 0x7A, 0x00, 0x00, 0x88, 0xC8, 0x00, 0x00, 0x1D, 0xE5, 0x92, 0x00, 0x00, 0x00, 0x88, 0xC8,
    0x00, 0x0F, 0xD3, 0xA7, 0x01, 0x00, 0x00, 0x00, 0x88, 0xC8, 0x05, 0xBC, 0xB9, 0x05, 0x00, 0x00,
    0x00, 0x00, 0x88, 0xC8, 0xA0, 0xCA, 0x0B, 0x00, 0x00, 0x00, 0x00, 0x00, 0x88, 0xEA, 0xFD, 0x64,
    0x00, 0x00, 0x00, 0x00, 0x00, 0x00, 0x88, 0xC8, 0x6F, 0xF8, 0x3F, 0x00, 0x00, 0x00, 0x00, 0x00,
    0x88, 0xC8, 0x00, 0x93, 0xF0, 0x2D, 0x00, 0x00, 0x00, 0x00, 0x88, 0xC8, 0x00, 0x03, 0xB3, 0xE5,
    0x1E, 0x00, 0x00, 0x00, 0x88, 0xC8, 0x00, 0x00, 0x0C, 0xCE, 0xD7, 0x12, 0x00, 0x00, 0x88, 0xC8,
    0x00, 0x00, 0x00, 0x1A, 0xE3, 0xC6, 0x09, 0x00, 0x00, 0x00, 0x4E, 0xFF, 0xFF, 0xFF, 0xFF, 0xFF,
    0x48, 0x00, 0x00, 0x00, 0x00, 0x71, 0xD7, 0x30, 0x30, 0x36, 0xFF, 0x48, 0x00, 0x00, 0x00, 0x00,
    0x96, 0xAE, 0x00, 0x00, 0x08, 0xFF, 0x48, 0x00, 0x00, 0x00, 0x00, 0xBB, 0x8B, 0x00, 0x00, 0x08,
    0xFF, 0x48, 0x00, 0x00, 0x00, 0x00, 0xE4, 0x67, 0x00, 0x00, 0x08, 0xFF, 0x48, 0x00, 0x00, 0x00,
    0x10, 0xFF, 0x40, 0x00, 0x00, 0x08, 0xFF, 0x48, 0x00, 0x00, 0x00, 0x3F, 0xFF, 0x17, 0x00, 0x00,
    0x08, 0xFF, 0x48, 0x00, 0x00, 0x00, 0x75, 0xE5, 0x00, 0x00, 0x00, 0x08, 0xFF, 0x48, 0x00, 0x00,
    0x00, 0xBC, 0xA8, 0x00, 0x00, 0x00, 0x08, 0xFF, 0x48, 0x00, 0x26, 0x66, 0xFE, 0x50, 0x00, 0x00,
    0x00, 0x08, 0xFF, 0x48, 0x00, 0xCD, 0xF3, 0x8E, 0x01, 0x00, 0x00, 0x00, 0x08, 0xFF, 0x48, 0x00,
    0x00, 0x88, 0xFF, 0x68, 0x00, 0x00, 0x00, 0x00, 0x00, 0x00, 0x09, 0xED, 0xE4, 0x00, 0x00, 0x88,
    0xF4, 0xD1, 0x00, 0x00, 0x00, 0x00, 0x00, 0x00, 0x63, 0xF4, 0xE4, 0x00, 0x00, 0x88, 0xC2, 0xF1,
    0x3C, 0x00, 0x00, 0x00, 0x00, 0x00, 0xCE, 0xB4, 0xE4, 0x00, 0x00, 0x88, 0xBB, 0x8D, 0xA6, 0x00,
    0x00, 0x00, 0x00, 0x3C, 0xE1, 0x6A, 0xE4, 0x00, 0x00, 0x88, 0xBC, 0x1D, 0xF4, 0x16, 0x00, 0x00,
    0x00, 0xA8, 0x71, 0x68, 0xE4, 0x00, 0x00, 0x88, 0xBC, 0x00, 0xA4, 0x7A, 0x00, 0x00, 0x19, 0xEA,
    0x0D, 0x68, 0xE4, 0x00, 0x00, 0x88, 0xBC, 0x00, 0x30, 0xE0, 0x02, 0x00, 0x81, 0x89, 0x00, 0x68,
    0xE4, 0x00, 0x00, 0x88, 0xBC, 0x00, 0x00, 0xBB, 0x4D, 0x05, 0xE1, 0x1B, 0x00, 0x68, 0xE4, 0x00,
    0x00, 0x88, 0xBC, 0x00, 0x00, 0x47, 0xB6, 0x57, 0xA1, 0x00, 0x00, 0x68, 0xE4, 0x00, 0x00, 0x88,
    0xBC, 0x00, 0x00, 0x00, 0xCF, 0xCA, 0x2E, 0x00, 0x00, 0x68, 0xE4, 0x00, 0x00, 0x88, 0xBC, 0x00,
    0x00, 0x00, 0x5E, 0xB9, 0x00, 0x00, 0x00, 0x68, 0xE4, 0x00, 0x00, 0x88, 0xC8, 0x00, 0x00, 0x00,
    0x00, 0x00, 0x6C, 0xE4, 0x00, 0x00, 0x88, 0xC8, 0x00, 0x00, 0x00, 0x00, 0x00, 0x6C, 0xE4, 0x00,
    0x00, 0x88, 0xC8, 0x00, 0x00, 0x00, 0x00, 0x00, 0x6C, 0xE4, 0x00, 0x00, 0x88, 0xC8, 0x00, 0x00,
    0x00, 0x00, 0x00, 0x6C, 0xE4, 0x00, 0x00, 0x88, 0xC8, 0x00, 0x00, 0x00, 0x00, 0x00, 0x6C, 0xE4,
    0x00, 0x00, 0x88, 0xFF, 0xFF, 0xFF, 0xFF, 0xFF, 0xFF, 0xFF, 0xE4, 0x00, 0x00, 0x88, 0xD2, 0x30,
    0x30, 0x30, 0x30, 0x30, 0x87, 0xE4, 0x00, 0x00, 0x88, 0xC8, 0x00, 0x00, 0x00, 0x00, 0x00, 0x6C,
    0xE4, 0x00, 0x00, 0x88, 0xC8, 0x00, 0x00, 0x00, 0x00, 0x00, 0x6C, 0xE4, 0x00, 0x00, 0x88, 0xC8,
    0x00, 0x00, 0x00, 0x00, 0x00, 0x6C, 0xE4, 0x00, 0x00, 0x88, 0xC8, 0x00, 0x00, 0x00, 0x00, 0x00,
    0x6C, 0xE4, 0x00, 0x00, 0x00, 0x03, 0x66, 0xC5, 0xF1, 0xF8, 0xD6, 0x7F, 0x0B, 0x00, 0x00, 0x00,
    0x04, 0xB5, 0xF3, 0x83, 0x3F, 0x39, 0x6E, 0xE3, 0xCF, 0x0F, 0x00, 0x00, 0x7E, 0xF4, 0x31, 0x00,
    0x00, 0x00, 0x00, 0x17, 0xE2, 0x9E, 0x00, 0x02, 0xED, 0x82, 0x00, 0x00, 0x00, 0x00, 0x00, 0x00,
    0x66, 0xFB, 0x0F, 0x2B, 0xFF, 0x36, 0x00, 0x00, 0x00, 0x00, 0x00, 0x00, 0x24, 0xFF, 0x41, 0x3F,
    0xFF, 0x20, 0x00, 0x00, 0x00, 0x00, 0x00, 0x00, 0x10, 0xFF, 0x4E, 0x31, 0xFF, 0x34, 0x00, 0x00,
    0x00, 0x00, 0x00, 0x00, 0x22, 0xFF, 0x3A, 0x06, 0xF4, 0x7E, 0x00, 0x00, 0x00, 0x00, 0x00, 0x00,
    0x66, 0xF6, 0x09, 0x00, 0x8C, 0xF1, 0x29, 0x00, 0x00, 0x00, 0x00, 0x19, 0xE3, 0x91, 0x00, 0x00,
    0x08, 0xC2, 0xEF, 0x7A, 0x3B, 0x3B, 0x72, 0xE6, 0xC4, 0x0A, 0x00, 0x00, 0x00, 0x06, 0x73, 0xCF,
    0xF6, 0xF5, 0xCE, 0x73, 0x07, 0x00, 0x00, 0x00, 0x88, 0xFF, 0xFF, 0xFF, 0xFF, 0xFF, 0xFF, 0xFF,
    0xF8, 0x00, 0x00, 0x88, 0xD7, 0x38, 0x38, 0x38, 0x38, 0x38, 0x7F, 0xF8, 0x00, 0x00, 0x88, 0xCC,
    0x00, 0x00, 0x00, 0x00, 0x00, 0x5C, 0xF8, 0x00, 0x00, 0x88, 0xCC, 0x00, 0x00, 0x00, 0x00, 0x00,
    0x5C, 0xF8, 0x00, 0x00, 0x88, 0xCC, 0x00, 0x00, 0x00, 0x00, 0x00, 0x5C, 0xF8, 0x00, 0x00, 0x88,
    0xCC, 0x00, 0x00, 0x00, 0x00, 0x00, 0x5C, 0xF8, 0x00, 0x00, 0x88, 0xCC, 0x00, 0x00, 0x00, 0x00,
    0x00, 0x5C, 0xF8, 0x00, 0x00, 0x88, 0xCC, 0x00, 0x00, 0x00, 0x00, 0x00, 0x5C, 0xF8, 0x00, 0x00,
    0x88, 0xCC, 0x00, 0x00, 0x00, 0x00, 0x00, 0x5C, 0xF8, 0x00, 0x00, 0x88, 0xCC, 0x00, 0x00, 0x00,
    0x00, 0x00, 0x5C, 0xF8, 0x00, 0x00, 0x88, 0xCC, 0x00, 0x00, 0x00, 0x00, 0x00, 0x5C, 0xF8, 0x00,
    0x00, 0x88, 0xFF, 0xFF, 0xFC, 0xDD, 0x90, 0x10, 0x00, 0x00, 0x88, 0xD2, 0x30, 0x37, 0x65, 0xE4,
    0xBB, 0x01, 0x00, 0x88, 0xC8, 0x00, 0x00, 0x00, 0x46, 0xFF, 0x2A, 0x00, 0x88, 0xC8, 0x00, 0x00,
    0x00, 0x17, 0xFF, 0x4B, 0x00, 0x88, 0xC8, 0x00, 0x00, 0x00, 0x43, 0xFF, 0x2C, 0x00, 0x88, 0xC8,
    0x00, 0x0B, 0x43, 0xDB, 0xB8, 0x00, 0x00, 0x88, 0xFF, 0xFF, 0xFF, 0xFB, 0xA3, 0x0E, 0x00, 0x00,
    0x88, 0xD2, 0x30, 0x2B, 0x0C, 0x00, 0x00, 0x00, 0x00, 0x88, 0xC8, 0x00, 0x00, 0x00, 0x00, 0x00,
    0x00, 0x00, 0x88, 0xC8, 0x00, 0x00, 0x00, 0x00, 0x00, 0x00, 0x00, 0x88, 0xC8, 0x00, 0x00, 0x00,
    0x00, 0x00, 0x00, 0x00, 0x00, 0x00, 0x41, 0xAF, 0xE9, 0xF9, 0xE4, 0xA1, 0x0A, 0x00, 0x00, 0x85,
    0xFB, 0x99, 0x4A, 0x38, 0x59, 0xB7, 0x17, 0x00, 0x60, 0xFA, 0x46, 0x00, 0x00, 0x00, 0x00, 0x00,
    0x00, 0x00, 0xDF, 0x90, 0x00, 0x00, 0x00, 0x00, 0x00, 0x00, 0x00, 0x25, 0xFF, 0x3C, 0x00, 0x00,
    0x00, 0x00, 0x00, 0x00, 0x00, 0x3E, 0xFF, 0x21, 0x00, 0x00, 0x00, 0x00, 0x00, 0x00, 0x00, 0x33,
    0xFF, 0x32, 0x00, 0x00, 0x00, 0x00, 0x00, 0x00, 0x00, 0x08, 0xF6, 0x7B, 0x00, 0x00, 0x00, 0x00,
    0x00, 0x00, 0x00, 0x00, 0x93, 0xF1, 0x2D, 0x00, 0x00, 0x00, 0x00, 0x00, 0x00, 0x00, 0x0B, 0xC7,
    0xF2, 0x83, 0x40, 0x3B, 0x5E, 0xBB, 0x17, 0x00, 0x00, 0x07, 0x75, 0xCF, 0xF6, 0xF2, 0xD4, 0x83,
    0x07, 0xAC, 0xFF, 0xFF, 0xFF, 0xFF, 0xFF, 0xFF, 0xFF, 0x18, 0x20, 0x30, 0x30, 0x8E, 0xE2, 0x30,
    0x30, 0x30, 0x04, 0x00, 0x00, 0x00, 0x74, 0xDC, 0x00, 0x00, 0x00, 0x00, 0x00, 0x00, 0x00, 0x74,
    0xDC, 0x00, 0x00, 0x00, 0x00, 0x00, 0x00, 0x00, 0x74, 0xDC, 0x00, 0x00, 0x00, 0x00, 0x00, 0x00,
    0x00, 0x74, 0xDC, 0x00, 0x00, 0x00, 0x00, 0x00, 0x00, 0x00, 0x74, 0xDC, 0x00, 0x00, 0x00, 0x00,
    0x00, 0x00, 0x00, 0x74, 0xDC, 0x00, 0x00, 0x00, 0x00, 0x00, 0x00, 0x00, 0x74, 0xDC, 0x00, 0x00,
    0x00, 0x00, 0x00, 0x00, 0x00, 0x74, 0xDC, 0x00, 0x00, 0x00, 0x00, 0x00, 0x00, 0x00, 0x74, 0xDC,
    0x00, 0x00, 0x00, 0x00, 0x4A, 0xFF, 0x31, 0x00, 0x00, 0x00, 0x00, 0x72, 0xE9, 0x08, 0x00, 0xCB,
    0xA3, 0x00, 0x00, 0x00, 0x01, 0xDA, 0x7B, 0x00, 0x00, 0x4E, 0xFA, 0x1B, 0x00, 0x00, 0x46, 0xF4,
    0x12, 0x00, 0x00, 0x00, 0xCF, 0x88, 0x00, 0x00, 0xB0, 0x91, 0x00, 0x00, 0x00, 0x00, 0x53, 0xEE,
    0x0B, 0x1D, 0xF8, 0x20, 0x00, 0x00, 0x00, 0x00, 0x01, 0xD3, 0x6C, 0x84, 0xA7, 0x00, 0x00, 0x00,
    0x00, 0x00, 0x00, 0x57, 0xD9, 0xE9, 0x32, 0x00, 0x00, 0x00, 0x00, 0x00, 0x00, 0x02, 0xE1, 0xBC,
    0x00, 0x00, 0x00, 0x00, 0x00, 0x00, 0x00, 0x35, 0xFC, 0x3C, 0x00, 0x00, 0x00, 0x00, 0x0F, 0x2C,
    0x4F, 0xE3, 0x9B, 0x00, 0x00, 0x00, 0x00, 0x00, 0x4A, 0xF5, 0xEB, 0x8A, 0x05, 0x00, 0x00, 0x00,
    0x00, 0x00, 0x00, 0x00, 0x00, 0x00, 0x00, 0xBC, 0x7C, 0x00, 0x00, 0x00, 0x00, 0x00, 0x00, 0x00,
    0x33, 0xB6, 0xF1, 0xFF, 0xFE, 0xE9, 0x9E, 0x1A, 0x00, 0x00, 0x00, 0x3F, 0xF8, 0x9D, 0x38, 0xC3,
    0x8D, 0x45, 0xC5, 0xE2, 0x18, 0x00, 0x01, 0xDA, 0xA6, 0x00, 0x00, 0xBC, 0x7C, 0x00, 0x08, 0xDE,
    0x9C, 0x00, 0x2B, 0xFF, 0x40, 0x00, 0x00, 0xBC, 0x7C, 0x00, 0x00, 0x80, 0xEA, 0x00, 0x3E, 0xFF,
    0x25, 0x00, 0x00, 0xBC, 0x7C, 0x00, 0x00, 0x65, 0xFD, 0x00, 0x22, 0xFF, 0x44, 0x00, 0x00, 0xBC,
    0x7C, 0x00, 0x00, 0x86, 0xE0, 0x00, 0x00, 0xCE, 0xAD, 0x00, 0x00, 0xBC, 0x7C, 0x00, 0x0C, 0xE6,
    0x89, 0x00, 0x00, 0x34, 0xF4, 0xA6, 0x43, 0xC6, 0x92, 0x50, 0xD0, 0xD3, 0x0D, 0x00, 0x00, 0x00,
    0x2D, 0xB3, 0xF2, 0xFF, 0xFE, 0xE8, 0x95, 0x11, 0x00, 0x00, 0x00, 0x00, 0x00, 0x00, 0x00, 0xBC,
    0x7C, 0x00, 0x00, 0x00, 0x00, 0x00, 0x33, 0xFC, 0x67, 0x00, 0x00, 0x00, 0x00, 0xA8, 0xD0, 0x04,
    0x00, 0x8E, 0xEC, 0x12, 0x00, 0x00, 0x47, 0xFC, 0x33, 0x00, 0x00, 0x0B, 0xE0, 0x97, 0x00, 0x09,
    0xDD, 0x8A, 0x00, 0x00, 0x00, 0x00, 0x4A, 0xFD, 0x31, 0x85, 0xDC, 0x09, 0x00, 0x00, 0x00, 0x00,
    0x00, 0xA9, 0xCA, 0xF7, 0x42, 0x00, 0x00, 0x00, 0x00, 0x00, 0x00, 0x36, 0xFF, 0xCD, 0x00, 0x00,
    0x00, 0x00, 0x00, 0x00, 0x01, 0xBD, 0xB7, 0xFA, 0x4F, 0x00, 0x00, 0x00, 0x00, 0x00, 0x6D, 0xEE,
    0x17, 0x8A, 0xE5, 0x0F, 0x00, 0x00, 0x00, 0x24, 0xF5, 0x64, 0x00, 0x0B, 0xE1, 0x98, 0x00, 0x00,
    0x02, 0xC4, 0xC1, 0x01, 0x00, 0x00, 0x50, 0xFE, 0x3E, 0x00, 0x75, 0xF8, 0x27, 0x00, 0x00, 0x00,
    0x00, 0xB2, 0xD9, 0x08, 0x00, 0x88, 0xC8, 0x00, 0x00, 0x00, 0x00, 0x00, 0x6C, 0xE4, 0x00, 0x00,
    0x00, 0x88, 0xC8, 0x00, 0x00, 0x00, 0x00, 0x00, 0x6C, 0xE4, 0x00, 0x00, 0x00, 0x88, 0xC8, 0x00,
    0x00, 0x00, 0x00, 0x00, 0x6C, 0xE4, 0x00, 0x00, 0x00, 0x88, 0xC8, 0x00, 0x00, 0x00, 0x00, 0x00,
    0x6C, 0xE4, 0x00, 0x00, 0x00, 0x88, 0xC8, 0x00, 0x00, 0x00, 0x00, 0x00, 0x6C, 0xE4, 0x00, 0x00,
    0x00, 0x88, 0xC8, 0x00, 0x00, 0x00, 0x00, 0x00, 0x6C, 0xE4, 0x00, 0x00, 0x00, 0x88, 0xC8, 0x00,
    0x00, 0x00, 0x00, 0x00, 0x6C, 0xE4, 0x00, 0x00, 0x00, 0x88, 0xC8, 0x00, 0x00, 0x00, 0x00, 0x00,
    0x6C, 0xE4, 0x00, 0x00, 0x00, 0x88, 0xC8, 0x00, 0x00, 0x00, 0x00, 0x00, 0x6C, 0xE4, 0x00, 0x00,
    0x00, 0x88, 0xD2, 0x30, 0x30, 0x30, 0x30, 0x30, 0x87, 0xE9, 0x30, 0x12, 0x00, 0x88, 0xFF, 0xFF,
    0xFF, 0xFF, 0xFF, 0xFF, 0xFF, 0xFF, 0xFF, 0x64, 0x00, 0x00, 0x00, 0x00, 0x00, 0x00, 0x00, 0x00,
    0x00, 0x00, 0xD0, 0x64, 0x00, 0x00, 0x00, 0x00, 0x00, 0x00, 0x00, 0x00, 0x00, 0x00, 0xD0, 0x64,
    0x00, 0x00, 0x00, 0x00, 0x00, 0x00, 0x00, 0x00, 0x00, 0x00, 0xD0, 0x64, 0x00, 0xB4, 0x9C, 0x00,
    0x00, 0x00, 0x00, 0x4C, 0xFF, 0x04, 0x00, 0x00, 0xB4, 0x9C, 0x00, 0x00, 0x00, 0x00, 0x4C, 0xFF,
    0x04, 0x00, 0x00, 0xB4, 0x9C, 0x00, 0x00, 0x00, 0x00, 0x4C, 0xFF, 0x04, 0x00, 0x00, 0xB4, 0x9C,
    0x00, 0x00, 0x00, 0x00, 0x4C, 0xFF, 0x04, 0x00, 0x00, 0xA4, 0xAD, 0x00, 0x00, 0x00, 0x00, 0x4C,
    0xFF, 0x04, 0x00, 0x00, 0x5F, 0xF9, 0x64, 0x30, 0x4B, 0x8E, 0xEA, 0xFF, 0x04, 0x00, 0x00, 0x01,
    0x7B, 0xDF, 0xF6, 0xD5, 0x8C, 0x6E, 0xFF, 0x04, 0x00, 0x00, 0x00, 0x00, 0x00, 0x00, 0x00, 0x00,
    0x4C, 0xFF, 0x04, 0x00, 0x00, 0x00, 0x00, 0x00, 0x00, 0x00, 0x00, 0x4C, 0xFF, 0x04, 0x00, 0x00,
    0x00, 0x00, 0x00, 0x00, 0x00, 0x00, 0x4C, 0xFF, 0x04, 0x00, 0x00, 0x00, 0x00, 0x00, 0x00, 0x00,
    0x00, 0x4C, 0xFF, 0x04, 0x00, 0x00, 0x88, 0xC8, 0x00, 0x00, 0x00, 0x10, 0xFF, 0x3C, 0x00, 0x00,
    0x00, 0x9C, 0xB4, 0x00, 0x00, 0x88, 0xC8, 0x00, 0x00, 0x00, 0x10, 0xFF, 0x3C, 0x00, 0x00, 0x00,
    0x9C, 0xB4, 0x00, 0x00, 0x88, 0xC8, 0x00, 0x00, 0x00, 0x10, 0xFF, 0x3C, 0x00, 0x00, 0x00, 0x9C,
    0xB4, 0x00, 0x00, 0x88, 0xC8, 0x00, 0x00, 0x00, 0x10, 0xFF, 0x3C, 0x00, 0x00, 0x00, 0x9C, 0xB4,
    0x00, 0x00, 0x88, 0xC8, 0x00, 0x00, 0x00, 0x10, 0xFF, 0x3C, 0x00, 0x00, 0x00, 0x9C, 0xB4, 0x00,
    0x00, 0x88, 0xC8, 0x00, 0x00, 0x00, 0x10, 0xFF, 0x3C, 0x00, 0x00, 0x00, 0x9C, 0xB4, 0x00, 0x00,
    0x88, 0xC8, 0x00, 0x00, 0x00, 0x10, 0xFF, 0x3C, 0x00, 0x00, 0x00, 0x9C, 0xB4, 0x00, 0x00, 0x88,
    0xC8, 0x00, 0x00, 0x00, 0x10, 0xFF, 0x3C, 0x00, 0x00, 0x00, 0x9C, 0xB4, 0x00, 0x00, 0x88, 0xC8,
    0x00, 0x00, 0x00, 0x10, 0xFF, 0x3C, 0x00, 0x00, 0x00, 0x9C, 0xB4, 0x00, 0x00, 0x88, 0xD2, 0x30,
    0x30, 0x30, 0x3D, 0xFF, 0x60, 0x30, 0x30, 0x30, 0xAE, 0xB4, 0x00, 0x00, 0x88, 0xFF, 0xFF, 0xFF,
    0xFF, 0xFF, 0xFF, 0xFF, 0xFF, 0xFF, 0xFF, 0xFF, 0xB4, 0x00, 0x00, 0x88, 0xC8, 0x00, 0x00, 0x00,
    0x10, 0xFF, 0x40, 0x00, 0x00, 0x00, 0x9C, 0xB4, 0x00, 0x00, 0x00, 0x88, 0xC8, 0x00, 0x00, 0x00,
    0x10, 0xFF, 0x40, 0x00, 0x00, 0x00, 0x9C, 0xB4, 0x00, 0x00, 0x00, 0x88, 0xC8, 0x00, 0x00, 0x00,
    0x10, 0xFF, 0x40, 0x00, 0x00, 0x00, 0x9C, 0xB4, 0x00, 0x00, 0x00, 0x88, 0xC8, 0x00, 0x00, 0x00,
    0x10, 0xFF, 0x40, 0x00, 0x00, 0x00, 0x9C, 0xB4, 0x00, 0x00, 0x00, 0x88, 0xC8, 0x00, 0x00, 0x00,
    0x10, 0xFF, 0x40, 0x00, 0x00, 0x00, 0x9C, 0xB4, 0x00, 0x00, 0x00, 0x88, 0xC8, 0x00, 0x00, 0x00,
    0x10, 0xFF, 0x40, 0x00, 0x00, 0x00, 0x9C, 0xB4, 0x00, 0x00, 0x00, 0x88, 0xC8, 0x00, 0x00, 0x00,
    0x10, 0xFF, 0x40, 0x00, 0x00, 0x00, 0x9C, 0xB4, 0x00, 0x00, 0x00, 0x88, 0xC8, 0x00, 0x00, 0x00,
    0x10, 0xFF, 0x40, 0x00, 0x00, 0x00, 0x9C, 0xB4, 0x00, 0x00, 0x00, 0x88, 0xC8, 0x00, 0x00, 0x00,
    0x10, 0xFF, 0x40, 0x00, 0x00, 0x00, 0x9C, 0xB4, 0x00, 0x00, 0x00, 0x88, 0xD2, 0x30, 0x30, 0x30,
    0x3D, 0xFF, 0x64, 0x30, 0x30, 0x30, 0xAE, 0xC2, 0x30, 0x09, 0x00, 0x88, 0xFF, 0xFF, 0xFF, 0xFF,
    0xFF, 0xFF, 0xFF, 0xFF, 0xFF, 0xFF, 0xFF, 0xFF, 0xFF, 0x34, 0x00, 0x00, 0x00, 0x00, 0x00, 0x00,
    0x00, 0x00, 0x00, 0x00, 0x00, 0x00, 0x00, 0x00, 0xFF, 0x34, 0x00, 0x00, 0x00, 0x00, 0x00, 0x00,
    0x00, 0x00, 0x00, 0x00, 0x00, 0x00, 0x00, 0x00, 0xFF, 0x34, 0x00, 0x00, 0x00, 0x00, 0x00, 0x00,
    0x00, 0x00, 0x00, 0x00, 0x00, 0x00, 0x00, 0x00, 0xFF, 0x34, 0xAC, 0xFF, 0xFF, 0xFF, 0xDC, 0x00,
    0x00, 0x00, 0x00, 0x00, 0x00, 0x22, 0x34, 0x34, 0x90, 0xDC, 0x00, 0x00, 0x00, 0x00, 0x00, 0x00,
    0x00, 0x00, 0x00, 0x74, 0xDC, 0x00, 0x00, 0x00, 0x00, 0x00, 0x00, 0x00, 0x00, 0x00, 0x74, 0xDC,
    0x00, 0x00, 0x00, 0x00, 0x00, 0x00, 0x00, 0x00, 0x00, 0x74, 0xDC, 0x00, 0x00, 0x00, 0x00, 0x00,
    0x00, 0x00, 0x00, 0x00, 0x74, 0xFF, 0xFF, 0xFF, 0xEF, 0xC1, 0x40, 0x00, 0x00, 0x00, 0x00, 0x74,
    0xE2, 0x30, 0x31, 0x48, 0xB0, 0xF7, 0x28, 0x00, 0x00, 0x00, 0x74, 0xDC, 0x00, 0x00, 0x00, 0x04,
    0xF2, 0x70, 0x00, 0x00, 0x00, 0x74, 0xDC, 0x00, 0x00, 0x00, 0x08, 0xF5, 0x65, 0x00, 0x00, 0x00,
    0x74, 0xE2, 0x30, 0x31, 0x4A, 0xBB, 0xEB, 0x19, 0x00, 0x00, 0x00, 0x74, 0xFF, 0xFF, 0xFF, 0xEA,
    0xB3, 0x2D, 0x00, 0x00, 0x88, 0xC8, 0x00, 0x00, 0x00, 0x00, 0x00, 0x00, 0x40, 0xFF, 0x10, 0x00,
    0x00, 0x88, 0xC8, 0x00, 0x00, 0x00, 0x00, 0x00, 0x00, 0x40, 0xFF, 0x10, 0x00, 0x00, 0x88, 0xC8,
    0x00, 0x00, 0x00, 0x00, 0x00, 0x00, 0x40, 0xFF, 0x10, 0x00, 0x00, 0x88, 0xC8, 0x00, 0x00, 0x00,
    0x00, 0x00, 0x00, 0x40, 0xFF, 0x10, 0x00, 0x00, 0x88, 0xC8, 0x00, 0x00, 0x00, 0x00, 0x00, 0x00,
    0x40, 0xFF, 0x10, 0x00, 0x00, 0x88, 0xFF, 0xFF, 0xFF, 0xEC, 0xB9, 0x36, 0x00, 0x40, 0xFF, 0x10,
    0x00, 0x00, 0x88, 0xD2, 0x30, 0x32, 0x4C, 0xBC, 0xF0, 0x1B, 0x40, 0xFF, 0x10, 0x00, 0x00, 0x88,
    0xC8, 0x00, 0x00, 0x00, 0x0D, 0xFD, 0x5C, 0x40, 0xFF, 0x10, 0x00, 0x00, 0x88, 0xC8, 0x00, 0x00,
    0x00, 0x13, 0xFE, 0x51, 0x40, 0xFF, 0x10, 0x00, 0x00, 0x88, 0xD2, 0x30, 0x32, 0x4F, 0xC6, 0xE1,
    0x0F, 0x40, 0xFF, 0x10, 0x00, 0x00, 0x88, 0xFF, 0xFF, 0xFF, 0xE7, 0xAB, 0x24, 0x00, 0x40, 0xFF,
    0x10, 0x00, 0x00, 0x88, 0xC8, 0x00, 0x00, 0x00, 0x00, 0x00, 0x00, 0x00, 0x88, 0xC8, 0x00, 0x00,
    0x00, 0x00, 0x00, 0x00, 0x00, 0x88, 0xC8, 0x00, 0x00, 0x00, 0x00, 0x00, 0x00, 0x00, 0x88, 0xC8,
    0x00, 0x00, 0x00, 0x00, 0x00, 0x00, 0x00, 0x88, 0xC8, 0x00, 0x00, 0x00, 0x00, 0x00, 0x00, 0x00,
    0x88, 0xFF, 0xFF, 0xFF, 0xEC, 0xB9, 0x36, 0x00, 0x00, 0x88, 0xD2, 0x30, 0x32, 0x4C, 0xBC, 0xF0,
    0x1B, 0x00, 0x88, 0xC8, 0x00, 0x00, 0x00, 0x0D, 0xFD, 0x5C, 0x00, 0x88, 0xC8, 0x00, 0x00, 0x00,
    0x13, 0xFE, 0x51, 0x00, 0x88, 0xD2, 0x30, 0x32, 0x4F, 0xC6, 0xE1, 0x0F, 0x00, 0x88, 0xFF, 0xFF,
    0xFF, 0xE7, 0xAB, 0x24, 0x00, 0x18, 0xAF, 0xE6, 0xF9, 0xED, 0xB7, 0x48, 0x00, 0x00, 0x00, 0x2E,
    0xB2, 0x5A, 0x3A, 0x52, 0x9D, 0xFE, 0x83, 0x00, 0x00, 0x00, 0x00, 0x00, 0x00, 0x00, 0x00, 0x58,
    0xFF, 0x4E, 0x00, 0x00, 0x00, 0x00, 0x00, 0x00, 0x00, 0x00, 0xB4, 0xC5, 0x00, 0x00, 0x00, 0x00,
    0x00, 0x00, 0x00, 0x00, 0x69, 0xFC, 0x07, 0x00, 0x00, 0x3C, 0xFF, 0xFF, 0xFF, 0xFF, 0xFF, 0xFF,
    0x1A, 0x00, 0x00, 0x0B, 0x30, 0x30, 0x30, 0x30, 0x7B, 0xFF, 0x0D, 0x00, 0x00, 0x00, 0x00, 0x00,
    0x00, 0x00, 0x99, 0xD6, 0x00, 0x00, 0x00, 0x00, 0x00, 0x00, 0x00, 0x3B, 0xFB, 0x66, 0x00, 0x2D,
    0xB1, 0x5A, 0x3A, 0x4C, 0x8D, 0xF9, 0xA2, 0x01, 0x00, 0x10, 0x92, 0xDB, 0xF6, 0xF3, 0xC5, 0x5E,
    0x00, 0x00, 0x00, 0x00, 0x88, 0xC8, 0x00, 0x00, 0x00, 0x00, 0x1C, 0x98, 0xE1, 0xFA, 0xE8, 0xA6,
    0x28, 0x00, 0x00, 0x00, 0x88, 0xC8, 0x00, 0x00, 0x00, 0x2B, 0xEB, 0xBD, 0x54, 0x35, 0x4F, 0xB8,
    0xF3, 0x3A, 0x00, 0x00, 0x88, 0xC8, 0x00, 0x00, 0x02, 0xD0, 0xB1, 0x01, 0x00, 0x00, 0x00, 0x01,
    0xB4, 0xDE, 0x04, 0x00, 0x88, 0xC8, 0x00, 0x00, 0x3F, 0xFF, 0x23, 0x00, 0x00, 0x00, 0x00, 0x00,
    0x2D, 0xFF, 0x48, 0x00, 0x88, 0xC8, 0x00, 0x00, 0x7A, 0xE6, 0x00, 0x00, 0x00, 0x00, 0x00, 0x00,
    0x00, 0xF5, 0x7A, 0x00, 0x88, 0xFF, 0xFF, 0xFF, 0xFF, 0xCC, 0x00, 0x00, 0x00, 0x00, 0x00, 0x00,
    0x00, 0xDC, 0x86, 0x00, 0x88, 0xD2, 0x30, 0x30, 0xA6, 0xE5, 0x00, 0x00, 0x00, 0x00, 0x00, 0x00,
    0x00, 0xF5, 0x73, 0x00, 0x88, 0xC8, 0x00, 0x00, 0x69, 0xFE, 0x21, 0x00, 0x00, 0x00, 0x00, 0x00,
    0x2E, 0xFF, 0x3D, 0x00, 0x88, 0xC8, 0x00, 0x00, 0x15, 0xF3, 0xA7, 0x00, 0x00, 0x00, 0x00, 0x02,
    0xB7, 0xD2, 0x01, 0x00, 0x88, 0xC8, 0x00, 0x00, 0x00, 0x57, 0xFB, 0xB1, 0x4C, 0x34, 0x54, 0xBE,
    0xEC, 0x2E, 0x00, 0x00, 0x88, 0xC8, 0x00, 0x00, 0x00, 0x00, 0x36, 0xAF, 0xEB, 0xFA, 0xE3, 0x9B,
    0x1F, 0x00, 0x00, 0x00, 0x00, 0x5D, 0xCE, 0xF6, 0xFF, 0xFF, 0xFC, 0x00, 0x00, 0x62, 0xFD, 0x82,
    0x3C, 0x30, 0x74, 0xFC, 0x00, 0x00, 0xC5, 0xA5, 0x00, 0x00, 0x00, 0x54, 0xFC, 0x00, 0x00, 0xCD,
    0x9B, 0x00, 0x00, 0x00, 0x54, 0xFC, 0x00, 0x00, 0x6F, 0xF7, 0x56, 0x0B, 0x00, 0x54, 0xFC, 0x00,
    0x00, 0x00, 0x69, 0xE3, 0xFF, 0xFF, 0xFF, 0xFC, 0x00, 0x00, 0x00, 0x4D, 0xED, 0x59, 0x30, 0x74,
    0xFC, 0x00, 0x00, 0x07, 0xE6, 0x83, 0x00, 0x00, 0x54, 0xFC, 0x00, 0x00, 0x63, 0xFA, 0x19, 0x00,
    0x00, 0x54, 0xFC, 0x00, 0x01, 0xD5, 0xAA, 0x00, 0x00, 0x00, 0x54, 0xFC, 0x00, 0x4A, 0xFF, 0x40,
    0x00, 0x00, 0x00, 0x54, 0xFC, 0x00, 0x00, 0x31, 0xB2, 0xE8, 0xF2, 0xBB, 0x23, 0x00, 0x00, 0x71,
    0x73, 0x2E, 0x28, 0xC3, 0xBD, 0x00, 0x00, 0x00, 0x00, 0x00, 0x00, 0x51, 0xF6, 0x01, 0x00, 0x10,
    0x77, 0xB2, 0xD6, 0xF6, 0xFF, 0x08, 0x09, 0xD9, 0xBA, 0x58, 0x31, 0x50, 0xFF, 0x08, 0x3D, 0xFF,
    0x12, 0x00, 0x00, 0x6B, 0xFF, 0x08, 0x25, 0xFE, 0x77, 0x1D, 0x52, 0xD6, 0xFF, 0x08, 0x00, 0x6B,
    0xE3, 0xF6, 0xB1, 0x55, 0xFF, 0x08, 0x00, 0x00, 0x00, 0x05, 0x3C, 0x72, 0xA6, 0x6E, 0x00, 0x00,
    0x00, 0x4E, 0xE7, 0xE7, 0xB3, 0x87, 0x27, 0x00, 0x00, 0x28, 0xF7, 0x62, 0x00, 0x00, 0x00, 0x00,
    0x00, 0x00, 0x92, 0xAF, 0x00, 0x00, 0x00, 0x00, 0x00, 0x00, 0x00, 0xD4, 0x7C, 0xA5, 0xF2, 0xF1,
    0xA6, 0x15, 0x00, 0x00, 0xFA, 0xE5, 0x65, 0x22, 0x46, 0xD9, 0xC2, 0x00, 0x09, 0xFF, 0x65, 0x00,
    0x00, 0x00, 0x2D, 0xFE, 0x41, 0x0A, 0xFF, 0x45, 0x00, 0x00, 0x00, 0x00, 0xE4, 0x6E, 0x00, 0xEF,
    0x5F, 0x00, 0x00, 0x00, 0x00, 0xE0, 0x74, 0x00, 0xAF, 0xB3, 0x00, 0x00, 0x00, 0x26, 0xFD, 0x40,
    0x00, 0x35, 0xF9, 0x88, 0x25, 0x3C, 0xD1, 0xC1, 0x00, 0x00, 0x00, 0x44, 0xCA, 0xF9, 0xEC, 0x9A,
    0x0E, 0x00, 0x00, 0xB4, 0xFF, 0xFF, 0xFF, 0xE9, 0x89, 0x01, 0x00, 0xB4, 0x9E, 0x18, 0x19, 0x49,
    0xFE, 0x40, 0x00, 0xB4, 0x94, 0x00, 0x02, 0x3D, 0xFB, 0x27, 0x00, 0xB4, 0xFF, 0xFF, 0xFF, 0xFC,
    0x7D, 0x00, 0x00, 0xB4, 0x9E, 0x18, 0x1A, 0x44, 0xEC, 0x5F, 0x00, 0xB4, 0x94, 0x00, 0x00, 0x00,
    0xAF, 0x98, 0x00, 0xB4, 0x9E, 0x18, 0x18, 0x3E, 0xEB, 0x5F, 0x00, 0xB4, 0xFF, 0xFF, 0xFF, 0xEA,
    0x84, 0x01, 0x00, 0xB4, 0xFF, 0xFF, 0xFF, 0xC0, 0x00, 0xB4, 0x9E, 0x18, 0x18, 0x12, 0x00, 0xB4,
    0x94, 0x00, 0x00, 0x00, 0x00, 0xB4, 0x94, 0x00, 0x00, 0x00, 0x00, 0xB4, 0x94, 0x00, 0x00, 0x00,
    0x00, 0xB4, 0x94, 0x00, 0x00, 0x00, 0x00, 0xB4, 0x94, 0x00, 0x00, 0x00, 0x00, 0xB4, 0x94, 0x00,
    0x00, 0x00, 0x00, 0x00, 0x1A, 0xFF, 0xFF, 0xFF, 0xFF, 0x18, 0x00, 0x00, 0x00, 0x2D, 0xF9, 0x19,
    0x43, 0xFF, 0x18, 0x00, 0x00, 0x00, 0x56, 0xDA, 0x00, 0x30, 0xFF, 0x18, 0x00, 0x00, 0x00, 0x8F,
    0xA2, 0x00, 0x30, 0xFF, 0x18, 0x00, 0x00, 0x03, 0xE5, 0x57, 0x00, 0x30, 0xFF, 0x18, 0x00, 0x00,
    0x56, 0xEA, 0x07, 0x00, 0x30, 0xFF, 0x18, 0x00, 0x18, 0xDF, 0x82, 0x18, 0x18, 0x43, 0xFF, 0x2D,
    0x06, 0xDC, 0xFF, 0xFF, 0xFF, 0xFF, 0xFF, 0xFF, 0xFF, 0x48, 0xDC, 0x3C, 0x00, 0x00, 0x00, 0x00,
    0x00, 0xD0, 0x48, 0xDC, 0x3C, 0x00, 0x00, 0x00, 0x00, 0x00, 0xD0, 0x48, 0x00, 0x00, 0x69, 0xDC,
    0xF6, 0xD1, 0x53, 0x00, 0x00, 0x76, 0xE2, 0x4B, 0x1E, 0x61, 0xFA, 0x37, 0x09, 0xF3, 0x48, 0x00,
    0x00, 0x00, 0xAD, 0x96, 0x34, 0xFF, 0xFF, 0xFF, 0xFF, 0xFF, 0xFF, 0xB7, 0x2F, 0xFF, 0x3A, 0x18,
    0x18, 0x18, 0x18, 0x11, 0x0B, 0xFA, 0x68, 0x00, 0x00, 0x00, 0x00, 0x00, 0x00, 0x8D, 0xEF, 0x5F,
    0x20, 0x38, 0x9B, 0x29, 0x00, 0x06, 0x8A, 0xE6, 0xF8, 0xDC, 0x8B, 0x0B, 0x45, 0xF7, 0x5D, 0x00,
    0x00, 0xA4, 0x94, 0x00, 0x00, 0x6D, 0xF5, 0x3E, 0x00, 0x4D, 0xF6, 0x4C, 0x00, 0xA4, 0x94, 0x00,
    0x59, 0xF6, 0x44, 0x00, 0x00, 0x00, 0x55, 0xF3, 0x3B, 0xA4, 0x94, 0x47, 0xF4, 0x4A, 0x00, 0x00,
    0x00, 0x00, 0x00, 0x60, 0xEF, 0xCB, 0xC5, 0xF3, 0x51, 0x00, 0x00, 0x00, 0x00, 0x00, 0x00, 0x98,
    0xD7, 0xB7, 0xAE, 0xE0, 0x89, 0x00, 0x00, 0x00, 0x00, 0x00, 0x90, 0xE4, 0x1E, 0xA4, 0x94, 0x27,
    0xEC, 0x81, 0x00, 0x00, 0x00, 0x86, 0xEF, 0x2C, 0x00, 0xA4, 0x94, 0x00, 0x37, 0xF4, 0x78, 0x00,
    0x7D, 0xF7, 0x3C, 0x00, 0x00, 0xA4, 0x94, 0x00, 0x00, 0x48, 0xFA, 0x70, 0x18, 0xA5, 0xE7, 0xF7,
    0xD8, 0x62, 0x00, 0x37, 0xA2, 0x3A, 0x21, 0x81, 0xFE, 0x0F, 0x01, 0x00, 0x00, 0x0D, 0x72, 0xE6,
    0x08, 0x00, 0x00, 0xEC, 0xFF, 0xE8, 0x43, 0x00, 0x00, 0x00, 0x16, 0x26, 0x73, 0xF6, 0x2A, 0x01,
    0x00, 0x00, 0x00, 0x00, 0xDE, 0x6B, 0x5B, 0x87, 0x33, 0x21, 0x6C, 0xFA, 0x33, 0x33, 0xC8, 0xF1,
    0xF4, 0xCC, 0x51, 0x00, 0x00, 0xB4, 0x78, 0x00, 0x00, 0x00, 0xAC, 0xFF, 0x00, 0x00, 0xB4, 0x78,
    0x00, 0x00, 0x5C, 0xF6, 0xFF, 0x00, 0x00, 0xB4, 0x78, 0x00, 0x1C, 0xEF, 0x81, 0xFF, 0x00, 0x00,
    0xB4, 0x78, 0x01, 0xBA, 0xB0, 0x28, 0xFF, 0x00, 0x00, 0xB4, 0x78, 0x6B, 0xEB, 0x16, 0x28, 0xFF,
    0x00, 0x00, 0xB4, 0x99, 0xF5, 0x54, 0x00, 0x28, 0xFF, 0x00, 0x00, 0xB4, 0xFA, 0xA5, 0x00, 0x00,
    0x28, 0xFF, 0x00, 0x00, 0xB4, 0xE5, 0x11, 0x00, 0x00, 0x28, 0xFF, 0x00, 0x00, 0x00, 0xDF, 0x84,
    0x08, 0x2D, 0xEB, 0x5A, 0x00, 0x00, 0x00, 0x36, 0xC7, 0xF6, 0xE4, 0x7F, 0x01, 0x00, 0x00, 0x00,
    0x00, 0x00, 0x00, 0x00, 0x00, 0x00, 0x00, 0x00, 0xB4, 0x78, 0x00, 0x00, 0x00, 0xAC, 0xFF, 0x00,
    0x00, 0xB4, 0x78, 0x00, 0x00, 0x5C, 0xF6, 0xFF, 0x00, 0x00, 0xB4, 0x78, 0x00, 0x1C, 0xEF, 0x81,
    0xFF, 0x00, 0x00, 0xB4, 0x78, 0x01, 0xBA, 0xB0, 0x28, 0xFF, 0x00, 0x00, 0xB4, 0x78, 0x6B, 0xEB,
    0x16, 0x28, 0xFF, 0x00, 0x00, 0xB4, 0x99, 0xF5, 0x54, 0x00, 0x28, 0xFF, 0x00, 0x00, 0xB4, 0xFA,
    0xA5, 0x00, 0x00, 0x28, 0xFF, 0x00, 0x00, 0xB4, 0xE5, 0x11, 0x00, 0x00, 0x28, 0xFF, 0x00, 0x00,
    0xB4, 0x94, 0x00, 0x00, 0x7E, 0xF3, 0x39, 0x00, 0xB4, 0x94, 0x00, 0x69, 0xF5, 0x3F, 0x00, 0x00,
    0xB4, 0x94, 0x56, 0xF6, 0x46, 0x00, 0x00, 0x00, 0xB4, 0xCE, 0xF8, 0x4E, 0x00, 0x00, 0x00, 0x00,
    0xB4, 0xBA, 0xEB, 0x8D, 0x00, 0x00, 0x00, 0x00, 0xB4, 0x94, 0x35, 0xF3, 0x85, 0x00, 0x00, 0x00,
    0xB4, 0x94, 0x00, 0x44, 0xF9, 0x7C, 0x00, 0x00, 0xB4, 0x94, 0x00, 0x00, 0x54, 0xFD, 0x74, 0x00,
    0x00, 0x1C, 0xFF, 0xFF, 0xFF, 0xFF, 0x24, 0x00, 0x00, 0x33, 0xF4, 0x18, 0x38, 0xFF, 0x24, 0x00,
    0x00, 0x52, 0xD9, 0x00, 0x24, 0xFF, 0x24, 0x00, 0x00, 0x7A, 0xB5, 0x00, 0x24, 0xFF, 0x24, 0x00,
    0x00, 0xB0, 0x86, 0x00, 0x24, 0xFF, 0x24, 0x00, 0x0B, 0xF2, 0x42, 0x00, 0x24, 0xFF, 0x24, 0x14,
    0x93, 0xD7, 0x02, 0x00, 0x24, 0xFF, 0x24, 0xD7, 0xD6, 0x2F, 0x00, 0x00, 0x24, 0xFF, 0x24, 0x00,
    0xB4, 0xFE, 0x24, 0x00, 0x00, 0x00, 0x07, 0xEE, 0xF0, 0x00, 0x00, 0xB4, 0xF0, 0x8A, 0x00, 0x00,
    0x00, 0x5A, 0xEF, 0xF0, 0x00, 0x00, 0xB4, 0x9C, 0xEB, 0x07, 0x00, 0x00, 0xBE, 0x9B, 0xF0, 0x00,
    0x00, 0xB4, 0x68, 0xD0, 0x59, 0x00, 0x22, 0xE1, 0x56, 0xF0, 0x00, 0x00, 0xB4, 0x68, 0x69, 0xC1,
    0x00, 0x86, 0x81, 0x54, 0xF0, 0x00, 0x00, 0xB4, 0x68, 0x0D, 0xF3, 0x29, 0xE2, 0x1F, 0x54, 0xF0,
    0x00, 0x00, 0xB4, 0x68, 0x00, 0x9B, 0xC5, 0xB9, 0x00, 0x54, 0xF0, 0x00, 0x00, 0xB4, 0x68, 0x00,
    0x34, 0xFF, 0x55, 0x00, 0x54, 0xF0, 0x00, 0x00, 0xB4, 0x94, 0x00, 0x00, 0x00, 0x58, 0xF0, 0x00,
    0x00, 0xB4, 0x94, 0x00, 0x00, 0x00, 0x58, 0xF0, 0x00, 0x00, 0xB4, 0x94, 0x00, 0x00, 0x00, 0x58,
    0xF0, 0x00, 0x00, 0xB4, 0xFF, 0xFF, 0xFF, 0xFF, 0xFF, 0xF0, 0x00, 0x00, 0xB4, 0x9E, 0x18, 0x18,
    0x18, 0x67, 0xF0, 0x00, 0x00, 0xB4, 0x94, 0x00, 0x00, 0x00, 0x58, 0xF0, 0x00, 0x00, 0xB4, 0x94,
    0x00, 0x00, 0x00, 0x58, 0xF0, 0x00, 0x00, 0xB4, 0x94, 0x00, 0x00, 0x00, 0x58, 0xF0, 0x00, 0x00,
    0x00, 0x60, 0xD0, 0xF8, 0xEF, 0xAC, 0x20, 0x00, 0x00, 0x77, 0xF3, 0x67, 0x22, 0x37, 0xBF, 0xDB,
    0x07, 0x09, 0xF4, 0x6D, 0x00, 0x00, 0x00, 0x12, 0xF1, 0x61, 0x34, 0xFF, 0x23, 0x00, 0x00, 0x00,
    0x00, 0xC2, 0x8D, 0x37, 0xFF, 0x21, 0x00, 0x00, 0x00, 0x00, 0xC1, 0x94, 0x0D, 0xF8, 0x68, 0x00,
    0x00, 0x00, 0x10, 0xF0, 0x5D, 0x00, 0x84, 0xF1, 0x64, 0x21, 0x36, 0xBC, 0xD2, 0x07, 0x00, 0x01,
    0x6F, 0xD9, 0xFA, 0xE9, 0x9B, 0x13, 0x00, 0x00, 0xB4, 0xFF, 0xFF, 0xFF, 0xFF, 0xFF, 0xF0, 0x00,
    0x00, 0xB4, 0x9E, 0x18, 0x18, 0x18, 0x67, 0xF0, 0x00, 0x00, 0xB4, 0x94, 0x00, 0x00, 0x00, 0x58,
    0xF0, 0x00, 0x00, 0xB4, 0x94, 0x00, 0x00, 0x00, 0x58, 0xF0, 0x00, 0x00, 0xB4, 0x94, 0x00, 0x00,
    0x00, 0x58, 0xF0, 0x00, 0x00, 0xB4, 0x94, 0x00, 0x00, 0x00, 0x58, 0xF0, 0x00, 0x00, 0xB4, 0x94,
    0x00, 0x00, 0x00, 0x58, 0xF0, 0x00, 0x00, 0xB4, 0x94, 0x00, 0x00, 0x00, 0x58, 0xF0, 0x00, 0x00,
    0xB4, 0x94, 0x5F, 0xDB, 0xF9, 0xCE, 0x3F, 0x00, 0x00, 0xB4, 0xD9, 0xA7, 0x2E, 0x2A, 0xA6, 0xF2,
    0x16, 0x00, 0xB4, 0xD8, 0x03, 0x00, 0x00, 0x06, 0xE4, 0x76, 0x00, 0xB4, 0x9C, 0x00, 0x00, 0x00,
    0x00, 0xB3, 0x9B, 0x00, 0xB4, 0x96, 0x00, 0x00, 0x00, 0x00, 0xC0, 0x8D, 0x00, 0xB4, 0xC6, 0x00,
    0x00, 0x00, 0x12, 0xF3, 0x5B, 0x00, 0xB4, 0xF1, 0x8E, 0x25, 0x35, 0xBE, 0xD6, 0x04, 0x00, 0xB4,
    0x96, 0x8A, 0xEE, 0xF4, 0xB0, 0x1E, 0x00, 0x00, 0xB4, 0x94, 0x00, 0x00, 0x00, 0x00, 0x00, 0x00,
    0x00, 0xB4, 0x94, 0x00, 0x00, 0x00, 0x00, 0x00, 0x00, 0x00, 0xB4, 0x94, 0x00, 0x00, 0x00, 0x00,
    0x00, 0x00, 0x00, 0xB4, 0x94, 0x00, 0x00, 0x00, 0x00, 0x00, 0x00, 0x00, 0x00, 0x51, 0xC8, 0xF7,
    0xEE, 0x88, 0x00, 0x63, 0xF9, 0x78, 0x26, 0x3C, 0x8C, 0x05, 0xED, 0x7B, 0x00, 0x00, 0x00, 0x00,
    0x30, 0xFF, 0x27, 0x00, 0x00, 0x00, 0x00, 0x38, 0xFF, 0x20, 0x00, 0x00, 0x00, 0x00, 0x0F, 0xF9,
    0x68, 0x00, 0x00, 0x00, 0x00, 0x00, 0x89, 0xF2, 0x67, 0x22, 0x40, 0x8B, 0x00, 0x01, 0x73, 0xDC,
    0xF9, 0xDD, 0x69, 0xC4, 0xFF, 0xFF, 0xFF, 0xFF, 0xFF, 0x54, 0x12, 0x18, 0x6B, 0xED, 0x18, 0x18,
    0x07, 0x00, 0x00, 0x5C, 0xEC, 0x00, 0x00, 0x00, 0x00, 0x00, 0x5C, 0xEC, 0x00, 0x00, 0x00, 0x00,
    0x00, 0x5C, 0xEC, 0x00, 0x00, 0x00, 0x00, 0x00, 0x5C, 0xEC, 0x00, 0x00, 0x00, 0x00, 0x00, 0x5C,
    0xEC, 0x00, 0x00, 0x00, 0x00, 0x00, 0x5C, 0xEC, 0x00, 0x00, 0x00, 0xB3, 0xB2, 0x00, 0x00, 0x00,
    0x00, 0xD5, 0x78, 0x4F, 0xF8, 0x0E, 0x00, 0x00, 0x2E, 0xFB, 0x18, 0x04, 0xE6, 0x5C, 0x00, 0x00,
    0x88, 0xAD, 0x00, 0x00, 0x87, 0xB2, 0x00, 0x01, 0xE0, 0x48, 0x00, 0x00, 0x23, 0xF7, 0x0E, 0x3B,
    0xE0, 0x02, 0x00, 0x00, 0x00, 0xBF, 0x5C, 0x94, 0x7D, 0x00, 0x00, 0x00, 0x00, 0x5B, 0xB1, 0xE5,
    0x1B, 0x00, 0x00, 0x00, 0x00, 0x08, 0xEA, 0xB2, 0x00, 0x00, 0x00, 0x00, 0x00, 0x07, 0xEE, 0x4C,
    0x00, 0x00, 0x00, 0x00, 0x00, 0x5B, 0xDF, 0x03, 0x00, 0x00, 0x00, 0x06, 0x34, 0xDE, 0x64, 0x00,
    0x00, 0x00, 0x00, 0x94, 0xF0, 0x84, 0x00, 0x00, 0x00, 0x00, 0x00, 0x00, 0x00, 0x00, 0x00, 0x18,
    0xFF, 0x10, 0x00, 0x00, 0x00, 0x00, 0x00, 0x00, 0x00, 0x00, 0x18, 0xFF, 0x10, 0x00, 0x00, 0x00,
    0x00, 0x00, 0x00, 0x00, 0x00, 0x18, 0xFF, 0x10, 0x00, 0x00, 0x00, 0x00, 0x00, 0x00, 0x5F, 0xD2,
    0xFA, 0xFF, 0xF9, 0xD1, 0x5C, 0x00, 0x00, 0x00, 0x71, 0xF3, 0x67, 0x36, 0xFF, 0x2F, 0x6A, 0xF5,
    0x6A, 0x00, 0x08, 0xF2, 0x6D, 0x00, 0x18, 0xFF, 0x10, 0x00, 0x75, 0xEE, 0x04, 0x33, 0xFF, 0x23,
    0x00, 0x18, 0xFF, 0x10, 0x00, 0x2C, 0xFF, 0x2A, 0x37, 0xFF, 0x21, 0x00, 0x18, 0xFF, 0x10, 0x00,
    0x2A, 0xFF, 0x2E, 0x0C, 0xF7, 0x6B, 0x00, 0x18, 0xFF, 0x10, 0x00, 0x72, 0xF3, 0x07, 0x00, 0x7E,
    0xF3, 0x68, 0x36, 0xFF, 0x2F, 0x69, 0xF4, 0x75, 0x00, 0x00, 0x00, 0x6A, 0xD7, 0xFB, 0xFF, 0xFB,
    0xD6, 0x66, 0x00, 0x00, 0x00, 0x00, 0x00, 0x00, 0x18, 0xFF, 0x10, 0x00, 0x00, 0x00, 0x00, 0x00,
    0x00, 0x00, 0x00, 0x18, 0xFF, 0x10, 0x00, 0x00, 0x00, 0x00, 0x00, 0x00, 0x00, 0x00, 0x18, 0xFF,
    0x10, 0x00, 0x00, 0x00, 0x00, 0x00, 0x00, 0x00, 0x00, 0x18, 0xFF, 0x10, 0x00, 0x00, 0x00, 0x00,
    0x5B, 0xF7, 0x20, 0x00, 0x00, 0x91, 0xCB, 0x03, 0x00, 0xB6, 0xA8, 0x00, 0x2C, 0xF5, 0x2B, 0x00,
    0x00, 0x1E, 0xF3, 0x3B, 0xC0, 0x7A, 0x00, 0x00, 0x00, 0x00, 0x6F, 0xEA, 0xCC, 0x04, 0x00, 0x00,
    0x00, 0x00, 0x5C, 0xF8, 0xC0, 0x01, 0x00, 0x00, 0x00, 0x1D, 0xEE, 0x43, 0xDF, 0x6B, 0x00, 0x00,
    0x01, 0xBE, 0x9B, 0x00, 0x4E, 0xF4, 0x22, 0x00, 0x73, 0xEB, 0x12, 0x00, 0x00, 0xB2, 0xC0, 0x01,
    0x00, 0xB4, 0x94, 0x00, 0x00, 0x00, 0x58, 0xF0, 0x00, 0x00, 0x00, 0xB4, 0x94, 0x00, 0x00, 0x00,
    0x58, 0xF0, 0x00, 0x00, 0x00, 0xB4, 0x94, 0x00, 0x00, 0x00, 0x58, 0xF0, 0x00, 0x00, 0x00, 0xB4,
    0x94, 0x00, 0x00, 0x00, 0x58, 0xF0, 0x00, 0x00, 0x00, 0xB4, 0x94, 0x00, 0x00, 0x00, 0x58, 0xF0,
    0x00, 0x00, 0x00, 0xB4, 0x94, 0x00, 0x00, 0x00, 0x58, 0xF0, 0x00, 0x00, 0x00, 0xB4, 0x9E, 0x18,
    0x18, 0x18, 0x67, 0xF1, 0x18, 0x03, 0x00, 0xB4, 0xFF, 0xFF, 0xFF, 0xFF, 0xFF, 0xFF, 0xFF, 0x20,
    0x00, 0x00, 0x00, 0x00, 0x00, 0x00, 0x00, 0x00, 0xFC, 0x20, 0x00, 0x00, 0x00, 0x00, 0x00, 0x00,
    0x00, 0x00, 0xFC, 0x20, 0x00, 0xD0, 0x78, 0x00, 0x00, 0x00, 0x88, 0xC0, 0x00, 0x00, 0xD0, 0x78,
    0x00, 0x00, 0x00, 0x88, 0xC0, 0x00, 0x00, 0xCF, 0x78, 0x00, 0x00, 0x00, 0x88, 0xC0, 0x00, 0x00,
    0xBE, 0x8B, 0x00, 0x00, 0x00, 0x88, 0xC0, 0x00, 0x00, 0x82, 0xE7, 0x46, 0x3A, 0x73, 0xE0, 0xC0,
    0x00, 0x00, 0x0D, 0xA5, 0xF0, 0xE8, 0xA4, 0xB0, 0xC0, 0x00, 0x00, 0x00, 0x00, 0x00, 0x00, 0x00,
    0x88, 0xC0, 0x00, 0x00, 0x00, 0x00, 0x00, 0x00, 0x00, 0x88, 0xC0, 0x00, 0x00, 0xB4, 0x94, 0x00,
    0x00, 0x3C, 0xFF, 0x0C, 0x00, 0x00, 0xC8, 0x80, 0x00, 0x00, 0xB4, 0x94, 0x00, 0x00, 0x3C, 0xFF,
    0x0C, 0x00, 0x00, 0xC8, 0x80, 0x00, 0x00, 0xB4, 0x94, 0x00, 0x00, 0x3C, 0xFF, 0x0C, 0x00, 0x00,
    0xC8, 0x80, 0x00, 0x00, 0xB4, 0x94, 0x00, 0x00, 0x3C, 0xFF, 0x0C, 0x00, 0x00, 0xC8, 0x80, 0x00,
    0x00, 0xB4, 0x94, 0x00, 0x00, 0x3C, 0xFF, 0x0C, 0x00, 0x00, 0xC8, 0x80, 0x00, 0x00, 0xB4, 0x94,
    0x00, 0x00, 0x3C, 0xFF, 0x0C, 0x00, 0x00, 0xC8, 0x80, 0x00, 0x00, 0xB4, 0x9E, 0x18, 0x18, 0x4E,
    0xFF, 0x22, 0x18, 0x18, 0xCD, 0x80, 0x00, 0x00, 0xB4, 0xFF, 0xFF, 0xFF, 0xFF, 0xFF, 0xFF, 0xFF,
    0xFF, 0xFF, 0x80, 0x00, 0x00, 0xB4, 0x94, 0x00, 0x00, 0x3C, 0xFF, 0x0C, 0x00, 0x00, 0xC4, 0x84,
    0x00, 0x00, 0xB4, 0x94, 0x00, 0x00, 0x3C, 0xFF, 0x0C, 0x00, 0x00, 0xC4, 0x84, 0x00, 0x00, 0xB4,
    0x94, 0x00, 0x00, 0x3C, 0xFF, 0x0C, 0x00, 0x00, 0xC4, 0x84, 0x00, 0x00, 0xB4, 0x94, 0x00, 0x00,
    0x3C, 0xFF, 0x0C, 0x00, 0x00, 0xC4, 0x84, 0x00, 0x00, 0xB4, 0x94, 0x00, 0x00, 0x3C, 0xFF, 0x0C,
    0x00, 0x00, 0xC4, 0x84, 0x00, 0x00, 0xB4, 0x94, 0x00, 0x00, 0x3C, 0xFF, 0x0C, 0x00, 0x00, 0xC4,
    0x84, 0x00, 0x00, 0xB4, 0x9E, 0x18, 0x18, 0x4E, 0xFF, 0x22, 0x18, 0x18, 0xC9, 0x8F, 0x10, 0x00,
    0xB4, 0xFF, 0xFF, 0xFF, 0xFF, 0xFF, 0xFF, 0xFF, 0xFF, 0xFF, 0xFF, 0xB4, 0x00, 0x00, 0x00, 0x00,
    0x00, 0x00, 0x00, 0x00, 0x00, 0x00, 0x00, 0x68, 0xB4, 0x00, 0x00, 0x00, 0x00, 0x00, 0x00, 0x00,
    0x00, 0x00, 0x00, 0x00, 0x68, 0xB4, 0xC4, 0xFF, 0xFF, 0xF4, 0x00, 0x00, 0x00, 0x00, 0x00, 0x12,
    0x18, 0x64, 0xF4, 0x00, 0x00, 0x00, 0x00, 0x00, 0x00, 0x00, 0x54, 0xF4, 0x00, 0x00, 0x00, 0x00,
    0x00, 0x00, 0x00, 0x54, 0xFF, 0xFF, 0xFF, 0xF0, 0xA8, 0x10, 0x00, 0x00, 0x54, 0xF5, 0x1C, 0x1C,
    0x39, 0xDC, 0x90, 0x00, 0x00, 0x54, 0xF4, 0x00, 0x00, 0x00, 0x92, 0xBC, 0x00, 0x00, 0x54, 0xF5,
    0x18, 0x18, 0x36, 0xDD, 0x8A, 0x00, 0x00, 0x54, 0xFF, 0xFF, 0xFF, 0xF3, 0xA7, 0x0D, 0x00, 0xB4,
    0x94, 0x00, 0x00, 0x00, 0x00, 0x00, 0x38, 0xFF, 0x0C, 0x00, 0xB4, 0x94, 0x00, 0x00, 0x00, 0x00,
    0x00, 0x38, 0xFF, 0x0C, 0x00, 0xB4, 0x94, 0x00, 0x00, 0x00, 0x00, 0x00, 0x38, 0xFF, 0x0C, 0x00,
    0xB4, 0xFF, 0xFF, 0xFE, 0xE1, 0x6A, 0x00, 0x38, 0xFF, 0x0C, 0x00, 0xB4, 0x9F, 0x1C, 0x20, 0x67,
    0xFE, 0x31, 0x38, 0xFF, 0x0C, 0x00, 0xB4, 0x94, 0x00, 0x00, 0x00, 0xF2, 0x5C, 0x38, 0xFF, 0x0C,
    0x00, 0xB4, 0x9E, 0x18, 0x1C, 0x66, 0xFD, 0x2C, 0x38, 0xFF, 0x0C, 0x00, 0xB4, 0xFF, 0xFF, 0xFF,
    0xE3, 0x65, 0x00, 0x38, 0xFF, 0x0C, 0x00, 0xB4, 0x94, 0x00, 0x00, 0x00, 0x00, 0x00, 0x00, 0xB4,
    0x94, 0x00, 0x00, 0x00, 0x00, 0x00, 0x00, 0xB4, 0x94, 0x00, 0x00, 0x00, 0x00, 0x00, 0x00, 0xB4,
    0xFF, 0xFF, 0xFE, 0xE1, 0x6A, 0x00, 0x00, 0xB4, 0x9F, 0x1C, 0x20, 0x67, 0xFE, 0x31, 0x00, 0xB4,
    0x94, 0x00, 0x00, 0x00, 0xF2, 0x5C, 0x00, 0xB4, 0x9E, 0x18, 0x1C, 0x66, 0xFD, 0x2C, 0x00, 0xB4,
    0xFF, 0xFF, 0xFF, 0xE3, 0x65, 0x00, 0x1B, 0xC5, 0xF6, 0xEE, 0xAD, 0x24, 0x00, 0x32, 0x85, 0x26,
    0x2E, 0x9C, 0xE8, 0x14, 0x00, 0x00, 0x00, 0x00, 0x00, 0xC9, 0x77, 0x00, 0x08, 0xFF, 0xFF, 0xFF,
    0xFF, 0xA8, 0x00, 0x00, 0x18, 0x18, 0x18, 0xBD, 0xAB, 0x00, 0x00, 0x00, 0x00, 0x12, 0xEF, 0x79,
    0x48, 0x7D, 0x26, 0x38, 0xC3, 0xE6, 0x14, 0x20, 0xBB, 0xF3, 0xF0, 0xAD, 0x22, 0x00, 0x00, 0xB4,
    0x94, 0x00, 0x00, 0x01, 0x6D, 0xD4, 0xF7, 0xE6, 0x8D, 0x07, 0x00, 0x00, 0xB4, 0x94, 0x00, 0x00,
    0x84, 0xEA, 0x53, 0x1F, 0x4B, 0xE3, 0x8F, 0x00, 0x00, 0xB4, 0x94, 0x00, 0x07, 0xF3, 0x6A, 0x00,
    0x00, 0x00, 0x57, 0xFA, 0x08, 0x00, 0xB4, 0xFF, 0xFF, 0xFF, 0xFF, 0x33, 0x00, 0x00, 0x00, 0x20,
    0xFF, 0x2B, 0x00, 0xB4, 0x9E, 0x18, 0x29, 0xFF, 0x32, 0x00, 0x00, 0x00, 0x1E, 0xFF, 0x31, 0x00,
    0xB4, 0x94, 0x00, 0x00, 0xE4, 0x69, 0x00, 0x00, 0x00, 0x54, 0xF5, 0x09, 0x00, 0xB4, 0x94, 0x00,
    0x00, 0x6C, 0xEA, 0x53, 0x1E, 0x48, 0xE1, 0x83, 0x00, 0x00, 0xB4, 0x94, 0x00, 0x00, 0x01, 0x79,
    0xE1, 0xFA, 0xDD, 0x76, 0x01, 0x00, 0x00, 0x1C, 0xB0, 0xEF, 0xFF, 0xFF, 0xC4, 0x00, 0x00, 0xB7,
    0xBE, 0x2A, 0x18, 0x8F, 0xC4, 0x00, 0x00, 0xE9, 0x65, 0x00, 0x00, 0x84, 0xC4, 0x00, 0x00, 0xB3,
    0xBE, 0x25, 0x14, 0x8D, 0xC4, 0x00, 0x00, 0x12, 0xA2, 0xFF, 0xFF, 0xFF, 0xC4, 0x00, 0x00, 0x15,
    0xE3, 0x82, 0x04, 0x84, 0xC4, 0x00, 0x00, 0xA1, 0xCC, 0x01, 0x00, 0x84, 0xC4, 0x00, 0x39, 0xFE,
    0x3F, 0x00, 0x00, 0x84, 0xC4, 0x00,
};
